filename,width,height,name,xmin,xmax,ymin,ymax
824.jpg,640,640,ROI,103,299,86,198
824.jpg,640,640,ROI,158,282,230,346
824.jpg,640,640,ROI,154,260,350,638
1331.jpg,640,640,ROI,222,431,183,417
449.jpg,640,640,ROI,136,484,259,389
1019.jpg,640,640,ROI,90,575,113,619
287.jpg,640,640,ROI,81,516,164,494
033.jpg,640,640,ROI,378,590,185,386
033.jpg,640,640,ROI,59,400,319,565
033.jpg,640,640,ROI,90,309,15,154
966.jpg,640,640,ROI,259,515,213,484
966.jpg,640,640,ROI,142,222,168,285
893.jpg,640,640,ROI,222,404,192,443
297.jpg,640,640,ROI,187,499,108,502
464.jpg,640,640,ROI,31,264,144,425
464.jpg,640,640,ROI,446,581,195,350
464.jpg,640,640,ROI,201,430,468,626
464.jpg,640,640,ROI,37,148,1,101
544.jpg,640,640,ROI,535,610,170,263
544.jpg,640,640,ROI,414,468,136,204
544.jpg,640,640,ROI,188,232,436,508
544.jpg,640,640,ROI,147,237,211,309
544.jpg,640,640,ROI,345,425,379,505
734.jpg,640,640,ROI,186,433,102,293
1361.jpg,640,640,ROI,278,501,191,329
1371.jpg,640,640,ROI,256,530,188,398
1371.jpg,640,640,ROI,121,203,395,477
794.jpg,640,640,ROI,165,566,72,514
300.jpg,640,640,ROI,248,506,29,336
792.jpg,640,640,ROI,75,545,193,531
1015.jpg,640,640,ROI,212,470,96,539
1440.jpg,640,640,ROI,210,494,270,470
800.jpg,640,640,ROI,58,526,143,565
1310.jpg,640,640,ROI,216,380,233,455
370.jpg,640,640,ROI,209,632,59,241
398.jpg,640,640,ROI,223,484,187,303
221.jpg,640,640,ROI,102,386,58,492
077.jpg,640,640,ROI,86,528,27,446
128.jpg,640,640,ROI,255,488,316,505
1380.jpg,640,640,ROI,191,403,254,485
1094.jpg,640,640,ROI,144,428,79,217
1094.jpg,640,640,ROI,324,528,279,503
728.jpg,640,640,ROI,173,432,208,307
924.jpg,640,640,ROI,31,259,356,622
924.jpg,640,640,ROI,140,243,183,298
924.jpg,640,640,ROI,396,522,161,285
362.jpg,640,640,ROI,156,434,252,585
1295.jpg,640,640,ROI,326,580,114,481
1295.jpg,640,640,ROI,1,75,344,400
1144.jpg,640,640,ROI,172,501,135,641
876.jpg,640,640,ROI,195,479,168,426
1257.jpg,640,640,ROI,342,544,92,229
1257.jpg,640,640,ROI,237,531,453,575
1257.jpg,640,640,ROI,212,317,240,405
976.jpg,640,640,ROI,202,383,170,486
1335.jpg,640,640,ROI,1,641,1,641
860.jpg,640,640,ROI,121,473,136,634
1269.jpg,640,640,ROI,53,222,334,509
1269.jpg,640,640,ROI,352,535,159,559
1269.jpg,640,640,ROI,236,401,334,502
1269.jpg,640,640,ROI,70,226,16,170
1293.jpg,640,640,ROI,63,317,161,529
1293.jpg,640,640,ROI,567,641,242,298
060.jpg,640,640,ROI,99,185,210,386
060.jpg,640,640,ROI,380,468,220,392
060.jpg,640,640,ROI,505,561,227,346
292.jpg,640,640,ROI,66,518,53,516
488.jpg,640,640,ROI,262,492,341,432
385.jpg,640,640,ROI,179,285,12,140
385.jpg,640,640,ROI,247,418,151,329
232.jpg,640,640,ROI,329,519,109,315
232.jpg,640,640,ROI,374,420,321,370
232.jpg,640,640,ROI,23,247,196,367
783.jpg,640,640,ROI,182,298,342,457
783.jpg,640,640,ROI,306,405,522,580
1087.jpg,640,640,ROI,1,641,140,636
087.jpg,640,640,ROI,270,366,292,401
1133.jpg,640,640,ROI,292,442,233,313
1248.jpg,640,640,ROI,72,600,220,436
1412.jpg,640,640,ROI,229,303,318,414
1412.jpg,640,640,ROI,178,300,159,289
1445.jpg,640,640,ROI,170,509,165,461
296.jpg,640,640,ROI,187,499,140,534
1389.jpg,640,640,ROI,76,348,285,468
1389.jpg,640,640,ROI,197,277,95,159
1389.jpg,640,640,ROI,438,552,570,638
1128.jpg,640,640,ROI,128,287,220,491
218.jpg,640,640,ROI,191,453,72,238
575.jpg,640,640,ROI,110,483,99,560
1103.jpg,640,640,ROI,100,448,75,609
332.jpg,640,640,ROI,208,380,191,421
940.jpg,640,640,ROI,1,607,189,446
598.jpg,640,640,ROI,249,316,418,464
698.jpg,640,640,ROI,114,400,130,265
698.jpg,640,640,ROI,318,468,525,617
044.jpg,640,640,ROI,93,369,118,330
044.jpg,640,640,ROI,247,606,243,498
044.jpg,640,640,ROI,16,321,385,587
601.jpg,640,640,ROI,263,356,291,371
699.jpg,640,640,ROI,377,513,114,400
699.jpg,640,640,ROI,26,118,318,468
1214.jpg,640,640,ROI,56,246,109,569
1214.jpg,640,640,ROI,384,494,132,283
1214.jpg,640,640,ROI,364,444,433,505
1232.jpg,640,640,ROI,334,470,182,531
1232.jpg,640,640,ROI,179,228,360,427
943.jpg,640,640,ROI,171,611,430,638
943.jpg,640,640,ROI,165,551,8,203
1062.jpg,640,640,ROI,234,392,242,452
405.jpg,640,640,ROI,271,397,245,411
581.jpg,640,640,ROI,246,432,36,353
059.jpg,640,640,ROI,99,185,210,386
059.jpg,640,640,ROI,380,468,220,392
059.jpg,640,640,ROI,505,561,227,345
474.jpg,640,640,ROI,156,485,249,570
1245.jpg,640,640,ROI,206,504,161,462
1060.jpg,640,640,ROI,234,392,242,452
278.jpg,640,640,ROI,89,538,168,364
795.jpg,640,640,ROI,72,514,165,566
718.jpg,640,640,ROI,198,372,301,432
534.jpg,640,640,ROI,125,515,324,572
1000.jpg,640,640,ROI,68,587,115,537
372.jpg,640,640,ROI,401,583,209,632
884.jpg,640,640,ROI,82,183,173,324
884.jpg,640,640,ROI,420,513,48,154
884.jpg,640,640,ROI,391,484,327,491
884.jpg,640,640,ROI,327,382,469,563
884.jpg,640,640,ROI,236,534,12,584
925.jpg,640,640,ROI,100,369,148,356
388.jpg,640,640,ROI,432,526,7,157
550.jpg,640,640,ROI,249,392,222,313
277.jpg,640,640,ROI,89,538,278,474
1125.jpg,640,640,ROI,140,488,171,549
553.jpg,640,640,ROI,300,376,465,521
553.jpg,640,640,ROI,192,330,138,214
553.jpg,640,640,ROI,535,595,99,151
553.jpg,640,640,ROI,597,639,6,48
553.jpg,640,640,ROI,503,549,13,43
553.jpg,640,640,ROI,448,521,481,561
553.jpg,640,640,ROI,208,358,527,585
553.jpg,640,640,ROI,103,245,400,478
553.jpg,640,640,ROI,73,137,240,280
250.jpg,640,640,ROI,43,529,153,551
713.jpg,640,640,ROI,266,494,366,466
1399.jpg,640,640,ROI,151,431,208,503
1304.jpg,640,640,ROI,76,132,142,244
1304.jpg,640,640,ROI,140,196,126,219
1304.jpg,640,640,ROI,214,272,178,265
1304.jpg,640,640,ROI,336,400,68,166
1304.jpg,640,640,ROI,187,275,466,551
1304.jpg,640,640,ROI,228,358,319,437
1304.jpg,640,640,ROI,341,454,412,501
1304.jpg,640,640,ROI,406,475,68,155
1304.jpg,640,640,ROI,508,569,115,210
1086.jpg,640,640,ROI,131,249,180,292
1086.jpg,640,640,ROI,455,558,137,242
1447.jpg,640,640,ROI,127,494,160,579
833.jpg,640,640,ROI,354,461,197,417
833.jpg,640,640,ROI,266,346,389,467
540.jpg,640,640,ROI,321,537,227,483
745.jpg,640,640,ROI,126,378,158,284
745.jpg,640,640,ROI,192,491,331,541
635.jpg,640,640,ROI,309,508,178,456
778.jpg,640,640,ROI,359,631,201,407
778.jpg,640,640,ROI,17,301,360,474
778.jpg,640,640,ROI,421,496,95,134
778.jpg,640,640,ROI,80,141,99,143
466.jpg,640,640,ROI,45,185,92,300
466.jpg,640,640,ROI,417,561,19,237
466.jpg,640,640,ROI,412,478,309,393
466.jpg,640,640,ROI,155,483,221,296
980.jpg,640,640,ROI,110,482,169,495
475.jpg,640,640,ROI,345,465,160,254
874.jpg,640,640,ROI,216,474,163,447
564.jpg,640,640,ROI,88,510,224,506
1236.jpg,640,640,ROI,228,418,253,376
096.jpg,640,640,ROI,489,641,258,500
096.jpg,640,640,ROI,332,475,188,359
096.jpg,640,640,ROI,137,277,39,146
096.jpg,640,640,ROI,201,286,425,490
096.jpg,640,640,ROI,16,105,471,555
995.jpg,640,640,ROI,108,523,13,539
646.jpg,640,640,ROI,168,510,212,488
358.jpg,640,640,ROI,107,367,102,472
880.jpg,640,640,ROI,184,435,262,412
042.jpg,640,640,ROI,288,424,12,188
457.jpg,640,640,ROI,376,510,409,507
457.jpg,640,640,ROI,136,448,218,309
457.jpg,640,640,ROI,129,473,68,210
1418.jpg,640,640,ROI,153,390,92,587
1053.jpg,640,640,ROI,88,568,40,577
695.jpg,640,640,ROI,193,371,115,321
780.jpg,640,640,ROI,235,441,359,631
780.jpg,640,640,ROI,169,283,17,301
780.jpg,640,640,ROI,509,547,421,497
780.jpg,640,640,ROI,499,543,80,141
1235.jpg,640,640,ROI,95,177,162,344
1235.jpg,640,640,ROI,113,305,355,511
1235.jpg,640,640,ROI,426,554,192,304
1235.jpg,640,640,ROI,345,510,501,638
1239.jpg,640,640,ROI,258,463,387,543
1427.jpg,640,640,ROI,222,528,137,315
866.jpg,640,640,ROI,90,546,46,640
556.jpg,640,640,ROI,373,512,148,407
1270.jpg,640,640,ROI,421,590,133,308
1270.jpg,640,640,ROI,108,290,84,484
1270.jpg,640,640,ROI,241,407,140,308
1270.jpg,640,640,ROI,416,572,472,626
138.jpg,640,640,ROI,24,407,188,439
259.jpg,640,640,ROI,62,570,167,472
382.jpg,640,640,ROI,446,544,20,288
168.jpg,640,640,ROI,199,459,117,393
168.jpg,640,640,ROI,370,636,2,144
168.jpg,640,640,ROI,475,638,469,641
168.jpg,640,640,ROI,198,641,6,641
1065.jpg,640,640,ROI,1,554,164,536
865.jpg,640,640,ROI,90,546,46,640
308.jpg,640,640,ROI,299,501,230,452
1243.jpg,640,640,ROI,216,308,333,409
462.jpg,640,640,ROI,100,397,143,385
620.jpg,640,640,ROI,212,641,41,562
342.jpg,640,640,ROI,176,404,104,441
265.jpg,640,640,ROI,128,434,164,534
463.jpg,640,640,ROI,218,498,378,611
463.jpg,640,640,ROI,293,448,62,196
463.jpg,640,640,ROI,17,175,212,442
463.jpg,640,640,ROI,541,641,494,605
938.jpg,640,640,ROI,36,513,385,599
938.jpg,640,640,ROI,178,542,188,360
095.jpg,640,640,ROI,143,385,1,154
095.jpg,640,640,ROI,283,454,168,311
095.jpg,640,640,ROI,496,603,366,505
095.jpg,640,640,ROI,153,218,357,442
095.jpg,640,640,ROI,87,171,537,626
494.jpg,640,640,ROI,232,422,346,408
631.jpg,640,640,ROI,193,419,106,166
1149.jpg,640,640,ROI,237,501,16,420
1149.jpg,640,640,ROI,236,412,444,631
764.jpg,640,640,ROI,103,385,382,533
672.jpg,640,640,ROI,275,407,403,607
672.jpg,640,640,ROI,364,443,50,173
672.jpg,640,640,ROI,234,378,227,307
961.jpg,640,640,ROI,97,555,19,617
889.jpg,640,640,ROI,449,579,251,537
889.jpg,640,640,ROI,55,258,137,381
253.jpg,640,640,ROI,15,593,173,485
518.jpg,640,640,ROI,303,427,398,496
264.jpg,640,640,ROI,173,486,165,496
883.jpg,640,640,ROI,460,561,173,324
883.jpg,640,640,ROI,130,223,48,154
883.jpg,640,640,ROI,158,251,327,491
883.jpg,640,640,ROI,261,316,469,563
883.jpg,640,640,ROI,108,406,12,584
1372.jpg,640,640,ROI,112,386,245,455
1372.jpg,640,640,ROI,439,521,165,247
1112.jpg,640,640,ROI,361,401,190,246
1112.jpg,640,640,ROI,311,343,189,240
1112.jpg,640,640,ROI,438,462,229,275
1112.jpg,640,640,ROI,211,233,214,248
1112.jpg,640,640,ROI,48,72,324,364
379.jpg,640,640,ROI,363,481,456,570
805.jpg,640,640,ROI,385,540,130,370
805.jpg,640,640,ROI,153,386,238,573
048.jpg,640,640,ROI,83,551,95,529
272.jpg,640,640,ROI,133,610,56,488
399.jpg,640,640,ROI,158,419,187,302
089.jpg,640,640,ROI,4,636,66,630
1129.jpg,640,640,ROI,220,491,129,287
661.jpg,640,640,ROI,334,521,202,368
661.jpg,640,640,ROI,207,296,180,348
839.jpg,640,640,ROI,228,362,213,327
839.jpg,640,640,ROI,384,548,241,363
994.jpg,640,640,ROI,108,523,13,539
414.jpg,640,640,ROI,372,620,141,311
043.jpg,640,640,ROI,312,524,93,369
043.jpg,640,640,ROI,144,399,247,606
043.jpg,640,640,ROI,56,258,16,321
1196.jpg,640,640,ROI,314,514,71,269
1196.jpg,640,640,ROI,194,486,348,540
793.jpg,640,640,ROI,165,566,72,514
640.jpg,640,640,ROI,204,446,239,463
1237.jpg,640,640,ROI,228,418,267,390
1022.jpg,640,640,ROI,178,380,48,463
1376.jpg,640,640,ROI,439,495,355,391
1376.jpg,640,640,ROI,364,397,461,487
1376.jpg,640,640,ROI,397,436,185,210
1376.jpg,640,640,ROI,492,530,151,182
1376.jpg,640,640,ROI,418,460,80,108
1376.jpg,640,640,ROI,230,262,183,206
1376.jpg,640,640,ROI,127,159,198,212
1376.jpg,640,640,ROI,228,264,484,505
1376.jpg,640,640,ROI,365,406,523,551
1376.jpg,640,640,ROI,475,505,517,535
328.jpg,640,640,ROI,363,588,198,549
317.jpg,640,640,ROI,184,572,52,593
809.jpg,640,640,ROI,206,580,490,609
809.jpg,640,640,ROI,197,507,326,438
809.jpg,640,640,ROI,190,517,192,300
1385.jpg,640,640,ROI,83,641,117,505
892.jpg,640,640,ROI,192,443,222,404
167.jpg,640,640,ROI,199,459,250,526
167.jpg,640,640,ROI,370,636,498,641
167.jpg,640,640,ROI,475,638,1,173
167.jpg,640,640,ROI,198,641,1,636
160.jpg,640,640,ROI,213,364,143,355
1355.jpg,640,640,ROI,404,543,101,504
1355.jpg,640,640,ROI,277,419,149,599
1355.jpg,640,640,ROI,191,291,92,278
356.jpg,640,640,ROI,95,150,471,545
356.jpg,640,640,ROI,220,532,541,641
1167.jpg,640,640,ROI,82,380,152,332
1167.jpg,640,640,ROI,62,302,389,524
662.jpg,640,640,ROI,275,441,334,521
662.jpg,640,640,ROI,295,463,207,296
1071.jpg,640,640,ROI,317,463,227,433
141.jpg,640,640,ROI,132,522,65,569
634.jpg,640,640,ROI,178,456,309,508
348.jpg,640,640,ROI,160,199,463,507
348.jpg,640,640,ROI,196,228,142,199
348.jpg,640,640,ROI,248,295,258,320
348.jpg,640,640,ROI,315,338,434,468
348.jpg,640,640,ROI,232,277,506,554
348.jpg,640,640,ROI,485,517,238,333
1027.jpg,640,640,ROI,41,498,219,413
819.jpg,640,640,ROI,8,320,104,318
720.jpg,640,640,ROI,198,372,210,341
519.jpg,640,640,ROI,216,340,147,245
851.jpg,640,640,ROI,448,641,101,476
231.jpg,640,640,ROI,188,371,140,250
231.jpg,640,640,ROI,135,173,226,272
231.jpg,640,640,ROI,80,131,350,392
231.jpg,640,640,ROI,171,210,392,434
231.jpg,640,640,ROI,194,331,458,534
231.jpg,640,640,ROI,397,422,179,205
1127.jpg,640,640,ROI,140,488,93,471
706.jpg,640,640,ROI,517,617,277,410
706.jpg,640,640,ROI,43,127,270,472
1158.jpg,640,640,ROI,45,228,350,418
237.jpg,640,640,ROI,348,628,229,543
237.jpg,640,640,ROI,7,317,97,416
1160.jpg,640,640,ROI,224,292,45,228
434.jpg,640,640,ROI,110,526,188,476
394.jpg,640,640,ROI,50,256,201,441
394.jpg,640,640,ROI,336,424,239,373
1130.jpg,640,640,ROI,356,514,220,491
279.jpg,640,640,ROI,278,474,105,554
299.jpg,640,640,ROI,248,507,306,614
1324.jpg,640,640,ROI,167,467,111,483
704.jpg,640,640,ROI,133,299,52,484
704.jpg,640,640,ROI,327,563,205,487
032.jpg,640,640,ROI,52,264,256,457
032.jpg,640,640,ROI,243,584,78,323
032.jpg,640,640,ROI,334,553,489,628
201.jpg,640,640,ROI,241,391,279,393
1116.jpg,640,640,ROI,234,542,74,281
1116.jpg,640,640,ROI,22,412,377,587
454.jpg,640,640,ROI,252,364,122,264
454.jpg,640,640,ROI,272,356,533,593
454.jpg,640,640,ROI,269,360,278,458
454.jpg,640,640,ROI,415,463,254,304
454.jpg,640,640,ROI,141,265,83,139
845.jpg,640,640,ROI,186,400,332,516
206.jpg,640,640,ROI,141,438,248,532
1438.jpg,640,640,ROI,151,558,107,525
134.jpg,640,640,ROI,320,465,180,410
522.jpg,640,640,ROI,321,555,112,413
522.jpg,640,640,ROI,127,318,241,522
657.jpg,640,640,ROI,151,485,64,290
558.jpg,640,640,ROI,131,269,148,408
532.jpg,640,640,ROI,324,572,128,518
1105.jpg,640,640,ROI,478,630,11,545
1105.jpg,640,640,ROI,168,468,99,560
245.jpg,640,640,ROI,19,615,38,570
1250.jpg,640,640,ROI,42,570,206,423
1190.jpg,640,640,ROI,137,214,372,468
1190.jpg,640,640,ROI,492,559,269,432
1190.jpg,640,640,ROI,75,94,354,395
1190.jpg,640,640,ROI,235,267,101,153
1190.jpg,640,640,ROI,135,157,269,323
1069.jpg,640,640,ROI,209,416,180,326
665.jpg,640,640,ROI,87,581,1,457
1344.jpg,640,640,ROI,19,485,21,525
110.jpg,640,640,ROI,102,580,17,568
1183.jpg,640,640,ROI,311,403,342,414
1183.jpg,640,640,ROI,120,154,233,288
1183.jpg,640,640,ROI,181,293,195,298
415.jpg,640,640,ROI,80,481,190,289
415.jpg,640,640,ROI,40,206,38,154
804.jpg,640,640,ROI,186,590,428,534
804.jpg,640,640,ROI,99,316,1,189
658.jpg,640,640,ROI,68,156,274,378
658.jpg,640,640,ROI,554,637,322,389
658.jpg,640,640,ROI,210,522,334,446
1249.jpg,640,640,ROI,72,600,220,436
363.jpg,640,640,ROI,252,585,208,486
548.jpg,640,640,ROI,302,364,155,229
870.jpg,640,640,ROI,189,323,128,367
1407.jpg,640,640,ROI,83,493,26,308
1407.jpg,640,640,ROI,52,194,376,621
1407.jpg,640,640,ROI,280,483,284,528
266.jpg,640,640,ROI,109,479,208,514
1010.jpg,640,640,ROI,188,392,223,340
336.jpg,640,640,ROI,82,452,39,496
336.jpg,640,640,ROI,469,641,124,567
1006.jpg,640,640,ROI,176,486,17,580
1333.jpg,640,640,ROI,288,457,105,295
517.jpg,640,640,ROI,147,245,303,427
037.jpg,640,640,ROI,96,562,62,586
1329.jpg,640,640,ROI,212,421,226,460
383.jpg,640,640,ROI,446,544,20,288
837.jpg,640,640,ROI,214,571,123,566
1121.jpg,640,640,ROI,353,530,103,411
965.jpg,640,640,ROI,259,515,158,430
965.jpg,640,640,ROI,142,222,358,475
817.jpg,640,640,ROI,324,538,323,635
858.jpg,640,640,ROI,38,498,58,542
554.jpg,640,640,ROI,266,342,122,177
554.jpg,640,640,ROI,312,450,428,504
554.jpg,640,640,ROI,48,108,491,543
554.jpg,640,640,ROI,3,45,594,637
554.jpg,640,640,ROI,93,140,599,629
554.jpg,640,640,ROI,122,195,81,162
554.jpg,640,640,ROI,284,435,57,116
554.jpg,640,640,ROI,397,539,164,242
554.jpg,640,640,ROI,505,570,362,402
1258.jpg,640,640,ROI,414,551,98,300
1258.jpg,640,640,ROI,68,190,111,405
1258.jpg,640,640,ROI,238,403,325,430
1414.jpg,640,640,ROI,294,384,335,409
1414.jpg,640,640,ROI,189,300,257,519
849.jpg,640,640,ROI,438,617,228,454
849.jpg,640,640,ROI,13,132,259,474
849.jpg,640,640,ROI,192,326,349,482
446.jpg,640,640,ROI,214,381,168,404
830.jpg,640,640,ROI,187,399,433,641
178.jpg,640,640,ROI,162,331,239,419
178.jpg,640,640,ROI,411,452,142,194
178.jpg,640,640,ROI,462,498,196,234
198.jpg,640,640,ROI,223,419,134,404
555.jpg,640,640,ROI,266,342,465,521
555.jpg,640,640,ROI,312,450,138,214
555.jpg,640,640,ROI,48,108,99,151
555.jpg,640,640,ROI,3,45,6,48
555.jpg,640,640,ROI,94,140,13,43
555.jpg,640,640,ROI,122,195,481,561
555.jpg,640,640,ROI,285,435,527,585
555.jpg,640,640,ROI,397,539,400,478
555.jpg,640,640,ROI,506,570,240,280
999.jpg,640,640,ROI,77,557,183,469
460.jpg,640,640,ROI,245,542,143,385
1118.jpg,640,640,ROI,362,569,234,542
1118.jpg,640,640,ROI,55,265,22,412
710.jpg,640,640,ROI,310,420,338,437
710.jpg,640,640,ROI,218,361,6,150
710.jpg,640,640,ROI,116,315,256,350
1347.jpg,640,640,ROI,188,471,203,474
205.jpg,640,640,ROI,248,532,205,502
331.jpg,640,640,ROI,207,380,221,451
295.jpg,640,640,ROI,140,534,187,499
1234.jpg,640,640,ROI,95,177,299,481
1234.jpg,640,640,ROI,112,305,132,288
1234.jpg,640,640,ROI,426,554,338,451
1234.jpg,640,640,ROI,345,510,4,141
1012.jpg,640,640,ROI,225,445,225,608
099.jpg,640,640,ROI,148,201,463,507
1035.jpg,640,640,ROI,82,522,44,526
1187.jpg,640,640,ROI,411,483,293,339
1187.jpg,640,640,ROI,251,296,454,484
1187.jpg,640,640,ROI,201,257,141,177
1187.jpg,640,640,ROI,260,320,101,125
1148.jpg,640,640,ROI,1,599,17,624
350.jpg,640,640,ROI,198,380,110,364
1117.jpg,640,640,ROI,101,409,74,281
1117.jpg,640,640,ROI,230,620,377,587
621.jpg,640,640,ROI,212,641,81,602
642.jpg,640,640,ROI,196,438,179,403
1386.jpg,640,640,ROI,125,455,214,502
890.jpg,640,640,ROI,105,391,449,579
890.jpg,640,640,ROI,261,505,55,258
1076.jpg,640,640,ROI,101,175,291,350
1076.jpg,640,640,ROI,94,170,222,270
1049.jpg,640,640,ROI,282,552,216,520
861.jpg,640,640,ROI,136,634,170,522
455.jpg,640,640,ROI,378,520,252,364
455.jpg,640,640,ROI,50,109,272,356
455.jpg,640,640,ROI,184,365,269,360
455.jpg,640,640,ROI,339,388,414,463
455.jpg,640,640,ROI,503,559,141,264
1290.jpg,640,640,ROI,298,641,11,599
451.jpg,640,640,ROI,423,543,180,294
451.jpg,640,640,ROI,254,330,287,391
451.jpg,640,640,ROI,339,438,299,439
451.jpg,640,640,ROI,92,185,372,490
476.jpg,640,640,ROI,178,298,160,254
1350.jpg,640,640,ROI,331,529,180,367
1350.jpg,640,640,ROI,364,534,425,535
1350.jpg,640,640,ROI,101,279,350,492
1350.jpg,640,640,ROI,247,375,510,626
993.jpg,640,640,ROI,88,548,67,579
913.jpg,640,640,ROI,2,608,93,505
395.jpg,640,640,ROI,387,593,201,441
395.jpg,640,640,ROI,218,306,239,373
595.jpg,640,640,ROI,390,570,208,465
1146.jpg,640,640,ROI,1,599,18,625
1039.jpg,640,640,ROI,262,411,250,409
106.jpg,640,640,ROI,117,585,153,488
747.jpg,640,640,ROI,126,378,158,284
747.jpg,640,640,ROI,192,491,331,541
413.jpg,640,640,ROI,23,271,332,502
664.jpg,640,640,ROI,1,457,87,581
964.jpg,640,640,ROI,259,515,213,485
964.jpg,640,640,ROI,142,222,168,285
1262.jpg,640,640,ROI,162,309,253,405
486.jpg,640,640,ROI,291,367,365,497
486.jpg,640,640,ROI,187,239,343,400
486.jpg,640,640,ROI,341,377,516,566
161.jpg,640,640,ROI,213,364,143,355
967.jpg,640,640,ROI,156,416,22,214
343.jpg,640,640,ROI,482,603,127,385
343.jpg,640,640,ROI,39,180,133,401
1423.jpg,640,640,ROI,184,386,175,490
636.jpg,640,640,ROI,178,456,309,508
756.jpg,640,640,ROI,70,371,295,600
162.jpg,640,640,ROI,287,499,213,364
1181.jpg,640,640,ROI,222,437,203,292
1266.jpg,640,640,ROI,182,574,146,439
320.jpg,640,640,ROI,16,329,156,375
320.jpg,640,640,ROI,339,641,172,554
283.jpg,640,640,ROI,215,428,175,475
907.jpg,640,640,ROI,210,350,58,378
907.jpg,640,640,ROI,553,639,467,641
1135.jpg,640,640,ROI,81,270,102,488
1298.jpg,640,640,ROI,91,448,295,486
1439.jpg,640,640,ROI,107,525,84,492
769.jpg,640,640,ROI,44,641,120,638
495.jpg,640,640,ROI,346,408,232,422
1141.jpg,640,640,ROI,172,374,222,484
1141.jpg,640,640,ROI,126,451,95,212
354.jpg,640,640,ROI,110,589,161,455
641.jpg,640,640,ROI,179,403,196,438
484.jpg,640,640,ROI,275,351,145,278
484.jpg,640,640,ROI,404,456,243,300
484.jpg,640,640,ROI,265,301,76,126
922.jpg,640,640,ROI,383,611,21,287
922.jpg,640,640,ROI,400,503,344,459
922.jpg,640,640,ROI,121,247,358,482
1096.jpg,640,640,ROI,85,543,1,571
1413.jpg,640,640,ROI,233,307,259,349
1413.jpg,640,640,ROI,123,385,342,453
1037.jpg,640,640,ROI,258,592,123,538
703.jpg,640,640,ROI,343,509,158,590
703.jpg,640,640,ROI,79,315,155,437
1387.jpg,640,640,ROI,125,455,140,428
779.jpg,640,640,ROI,201,407,11,283
779.jpg,640,640,ROI,360,474,341,625
779.jpg,640,640,ROI,96,134,146,222
779.jpg,640,640,ROI,99,143,501,562
1394.jpg,640,640,ROI,140,546,47,556
436.jpg,640,640,ROI,236,296,203,259
436.jpg,640,640,ROI,424,480,274,321
436.jpg,640,640,ROI,332,428,424,463
351.jpg,640,640,ROI,279,533,263,445
1426.jpg,640,640,ROI,222,527,137,315
1064.jpg,640,640,ROI,88,641,164,536
1131.jpg,640,640,ROI,292,442,330,410
1004.jpg,640,640,ROI,227,383,221,455
079.jpg,640,640,ROI,175,455,6,136
1312.jpg,640,640,ROI,26,522,117,467
896.jpg,640,640,ROI,138,382,295,492
1346.jpg,640,640,ROI,19,485,21,525
918.jpg,640,640,ROI,109,521,132,582
798.jpg,640,640,ROI,207,441,207,553
798.jpg,640,640,ROI,386,641,62,379
798.jpg,640,640,ROI,68,268,137,385
1163.jpg,640,640,ROI,385,454,450,522
1163.jpg,640,640,ROI,158,206,421,477
1163.jpg,640,640,ROI,384,463,335,421
1163.jpg,640,640,ROI,390,436,159,226
987.jpg,640,640,ROI,27,573,19,624
719.jpg,640,640,ROI,210,341,198,372
911.jpg,640,640,ROI,237,468,444,626
911.jpg,640,640,ROI,122,534,105,335
911.jpg,640,640,ROI,371,497,1,68
1348.jpg,640,640,ROI,168,439,172,455
955.jpg,640,640,ROI,126,503,1,605
166.jpg,640,640,ROI,117,393,199,459
166.jpg,640,640,ROI,1,144,370,636
166.jpg,640,640,ROI,469,641,475,638
166.jpg,640,640,ROI,6,641,198,641
456.jpg,640,640,ROI,122,264,252,364
456.jpg,640,640,ROI,533,593,272,356
456.jpg,640,640,ROI,278,458,269,360
456.jpg,640,640,ROI,254,304,415,463
456.jpg,640,640,ROI,83,139,141,265
083.jpg,640,640,ROI,149,365,237,419
083.jpg,640,640,ROI,265,292,154,198
083.jpg,640,640,ROI,126,156,56,102
433.jpg,640,640,ROI,166,454,110,526
102.jpg,640,640,ROI,106,131,315,357
102.jpg,640,640,ROI,193,228,512,578
102.jpg,640,640,ROI,450,480,355,394
102.jpg,640,640,ROI,521,550,235,304
102.jpg,640,640,ROI,567,599,92,150
102.jpg,640,640,ROI,468,504,434,482
112.jpg,640,640,ROI,214,426,115,491
679.jpg,640,640,ROI,132,582,188,592
148.jpg,640,640,ROI,65,549,1,604
1001.jpg,640,640,ROI,105,527,68,587
714.jpg,640,640,ROI,176,276,266,494
182.jpg,640,640,ROI,18,223,213,501
182.jpg,640,640,ROI,444,641,78,295
844.jpg,640,640,ROI,332,516,243,457
1406.jpg,640,640,ROI,159,379,176,386
1406.jpg,640,640,ROI,5,90,148,250
244.jpg,640,640,ROI,27,623,38,570
074.jpg,640,640,ROI,232,440,146,461
897.jpg,640,640,ROI,138,382,150,348
174.jpg,640,640,ROI,401,641,76,436
123.jpg,640,640,ROI,161,426,166,462
753.jpg,640,640,ROI,56,206,190,457
954.jpg,640,640,ROI,172,493,177,625
905.jpg,640,640,ROI,143,408,145,477
905.jpg,640,640,ROI,85,195,224,303
627.jpg,640,640,ROI,462,586,31,158
627.jpg,640,640,ROI,358,446,438,501
579.jpg,640,640,ROI,122,238,523,641
579.jpg,640,640,ROI,232,363,41,87
579.jpg,640,640,ROI,308,352,228,267
1381.jpg,640,640,ROI,191,402,157,388
1231.jpg,640,640,ROI,182,531,334,470
1231.jpg,640,640,ROI,360,427,179,228
104.jpg,640,640,ROI,175,453,104,478
801.jpg,640,640,ROI,142,565,58,526
153.jpg,640,640,ROI,79,213,316,520
153.jpg,640,640,ROI,356,482,400,539
1178.jpg,640,640,ROI,221,409,107,531
270.jpg,640,640,ROI,108,492,87,571
306.jpg,640,640,ROI,142,550,1,596
1375.jpg,640,640,ROI,252,288,439,495
1375.jpg,640,640,ROI,156,182,364,397
1375.jpg,640,640,ROI,432,457,397,436
1375.jpg,640,640,ROI,461,492,492,530
1375.jpg,640,640,ROI,535,563,418,460
1375.jpg,640,640,ROI,436,459,230,262
1375.jpg,640,640,ROI,430,444,127,159
1375.jpg,640,640,ROI,138,159,228,264
1375.jpg,640,640,ROI,92,120,365,406
1375.jpg,640,640,ROI,108,126,475,505
220.jpg,640,640,ROI,256,541,57,492
086.jpg,640,640,ROI,242,351,270,366
011.jpg,640,640,ROI,339,469,194,472
763.jpg,640,640,ROI,103,385,109,260
175.jpg,640,640,ROI,65,515,22,578
771.jpg,640,640,ROI,120,638,1,598
116.jpg,640,640,ROI,103,530,19,597
923.jpg,640,640,ROI,31,259,21,287
923.jpg,640,640,ROI,140,243,344,459
923.jpg,640,640,ROI,396,522,357,482
567.jpg,640,640,ROI,72,126,207,271
567.jpg,640,640,ROI,364,444,249,364
567.jpg,640,640,ROI,472,576,281,429
567.jpg,640,640,ROI,602,640,298,376
567.jpg,640,640,ROI,249,276,216,252
567.jpg,640,640,ROI,177,211,202,232
567.jpg,640,640,ROI,278,303,218,262
567.jpg,640,640,ROI,262,309,326,381
125.jpg,640,640,ROI,174,486,195,477
125.jpg,640,640,ROI,492,579,374,497
009.jpg,640,640,ROI,367,470,239,443
012.jpg,640,640,ROI,171,449,174,304
1352.jpg,640,640,ROI,331,529,275,462
1352.jpg,640,640,ROI,364,534,108,218
1352.jpg,640,640,ROI,101,279,150,292
1352.jpg,640,640,ROI,247,375,16,132
224.jpg,640,640,ROI,147,489,165,418
528.jpg,640,640,ROI,307,369,185,270
936.jpg,640,640,ROI,299,623,138,405
936.jpg,640,640,ROI,86,242,281,636
1212.jpg,640,640,ROI,56,246,109,568
1212.jpg,640,640,ROI,383,494,132,283
1212.jpg,640,640,ROI,364,444,433,505
1025.jpg,640,640,ROI,173,366,196,396
155.jpg,640,640,ROI,223,447,90,342
573.jpg,640,640,ROI,193,339,115,201
573.jpg,640,640,ROI,287,401,342,420
573.jpg,640,640,ROI,308,422,436,518
530.jpg,640,640,ROI,260,441,140,307
530.jpg,640,640,ROI,3,144,302,449
530.jpg,640,640,ROI,548,641,111,233
1373.jpg,640,640,ROI,245,455,112,386
1373.jpg,640,640,ROI,165,247,439,521
1409.jpg,640,640,ROI,83,493,26,308
1409.jpg,640,640,ROI,52,194,376,622
1409.jpg,640,640,ROI,280,483,284,528
1066.jpg,640,640,ROI,167,434,237,413
1195.jpg,640,640,ROI,128,328,373,571
1195.jpg,640,640,ROI,156,448,102,294
1356.jpg,640,640,ROI,94,286,2,476
1356.jpg,640,640,ROI,326,513,10,596
1108.jpg,640,640,ROI,314,366,15,66
1108.jpg,640,640,ROI,322,364,188,260
1108.jpg,640,640,ROI,148,201,204,267
1108.jpg,640,640,ROI,228,270,357,427
1108.jpg,640,640,ROI,526,560,504,553
1108.jpg,640,640,ROI,93,138,445,503
667.jpg,640,640,ROI,3,515,80,622
291.jpg,640,640,ROI,91,551,15,641
416.jpg,640,640,ROI,81,481,190,289
416.jpg,640,640,ROI,40,206,38,154
862.jpg,640,640,ROI,276,435,228,327
1124.jpg,640,640,ROI,170,566,135,446
589.jpg,640,640,ROI,336,518,225,528
831.jpg,640,640,ROI,187,398,432,641
491.jpg,640,640,ROI,465,598,231,340
702.jpg,640,640,ROI,149,399,132,394
374.jpg,640,640,ROI,128,466,292,466
171.jpg,640,640,ROI,100,529,52,588
735.jpg,640,640,ROI,186,432,350,541
899.jpg,640,640,ROI,116,610,3,641
238.jpg,640,640,ROI,56,515,62,605
288.jpg,640,640,ROI,164,494,126,561
1443.jpg,640,640,ROI,165,461,133,472
888.jpg,640,640,ROI,117,555,147,525
041.jpg,640,640,ROI,288,425,12,188
410.jpg,640,640,ROI,214,418,175,303
471.jpg,640,640,ROI,152,495,179,632
471.jpg,640,640,ROI,10,165,206,506
681.jpg,640,640,ROI,50,454,60,510
246.jpg,640,640,ROI,72,604,27,623
384.jpg,640,640,ROI,446,544,20,287
298.jpg,640,640,ROI,248,506,29,337
1038.jpg,640,640,ROI,258,592,123,538
970.jpg,640,640,ROI,101,483,15,607
318.jpg,640,640,ROI,52,593,70,458
539.jpg,640,640,ROI,227,483,106,322
1415.jpg,640,640,ROI,233,307,294,384
1415.jpg,640,640,ROI,123,385,189,300
058.jpg,640,640,ROI,457,543,210,386
058.jpg,640,640,ROI,174,262,220,392
058.jpg,640,640,ROI,81,137,227,345
729.jpg,640,640,ROI,208,307,173,433
361.jpg,640,640,ROI,58,391,208,487
1326.jpg,640,640,ROI,118,498,180,460
612.jpg,640,640,ROI,68,566,40,614
929.jpg,640,640,ROI,221,347,276,517
871.jpg,640,640,ROI,31,495,124,566
075.jpg,640,640,ROI,202,411,146,461
1238.jpg,640,640,ROI,253,376,224,414
602.jpg,640,640,ROI,287,379,291,371
882.jpg,640,640,ROI,184,435,262,412
835.jpg,640,640,ROI,72,428,76,519
1436.jpg,640,640,ROI,213,413,148,479
118.jpg,640,640,ROI,135,413,191,478
118.jpg,640,640,ROI,215,270,95,170
302.jpg,640,640,ROI,14,613,20,598
349.jpg,640,640,ROI,109,364,262,445
1321.jpg,640,640,ROI,72,630,84,520
377.jpg,640,640,ROI,152,339,311,487
1182.jpg,640,640,ROI,228,300,311,403
1182.jpg,640,640,ROI,355,409,120,154
1182.jpg,640,640,ROI,344,447,181,293
1319.jpg,640,640,ROI,253,427,304,442
444.jpg,640,640,ROI,338,451,217,299
444.jpg,640,640,ROI,344,466,378,458
254.jpg,640,640,ROI,50,628,173,485
211.jpg,640,640,ROI,136,489,163,418
1034.jpg,640,640,ROI,44,526,120,560
1420.jpg,640,640,ROI,227,624,140,487
1420.jpg,640,640,ROI,45,226,39,450
143.jpg,640,640,ROI,153,641,117,449
684.jpg,640,640,ROI,154,588,184,596
608.jpg,640,640,ROI,101,641,40,629
701.jpg,640,640,ROI,132,394,148,399
376.jpg,640,640,ROI,156,332,304,491
1246.jpg,640,640,ROI,139,437,181,482
917.jpg,640,640,ROI,109,521,60,510
1283.jpg,640,640,ROI,120,540,170,464
1301.jpg,640,640,ROI,197,464,192,528
1193.jpg,640,640,ROI,161,263,457,543
682.jpg,640,640,ROI,54,489,46,458
863.jpg,640,640,ROI,228,327,276,435
1092.jpg,640,640,ROI,176,559,165,454
151.jpg,640,640,ROI,429,563,316,520
151.jpg,640,640,ROI,160,286,400,539
1057.jpg,640,640,ROI,235,376,237,425
1016.jpg,640,640,ROI,212,470,103,546
480.jpg,640,640,ROI,118,217,217,341
480.jpg,640,640,ROI,353,535,189,425
480.jpg,640,640,ROI,1,195,477,604
757.jpg,640,640,ROI,268,466,149,387
757.jpg,640,640,ROI,320,476,448,566
751.jpg,640,640,ROI,190,457,437,586
568.jpg,640,640,ROI,164,262,139,279
568.jpg,640,640,ROI,372,436,249,423
568.jpg,640,640,ROI,170,207,507,559
568.jpg,640,640,ROI,392,425,91,141
568.jpg,640,640,ROI,383,405,564,601
852.jpg,640,640,ROI,101,476,448,641
321.jpg,640,640,ROI,268,486,16,329
321.jpg,640,640,ROI,89,471,339,641
031.jpg,640,640,ROI,185,386,52,264
031.jpg,640,640,ROI,319,565,243,584
031.jpg,640,640,ROI,15,154,334,553
1024.jpg,640,640,ROI,196,396,173,366
1126.jpg,640,640,ROI,93,471,140,488
120.jpg,640,640,ROI,135,413,165,451
120.jpg,640,640,ROI,215,271,473,548
432.jpg,640,640,ROI,162,347,399,487
854.jpg,640,640,ROI,171,409,12,624
1162.jpg,640,640,ROI,188,257,121,192
1162.jpg,640,640,ROI,436,484,165,222
1162.jpg,640,640,ROI,180,259,221,307
1162.jpg,640,640,ROI,206,252,417,484
189.jpg,640,640,ROI,93,256,89,213
189.jpg,640,640,ROI,6,199,391,509
189.jpg,640,640,ROI,405,635,288,457
189.jpg,640,640,ROI,415,621,474,609
452.jpg,640,640,ROI,349,463,423,543
452.jpg,640,640,ROI,251,355,254,330
452.jpg,640,640,ROI,204,344,339,438
452.jpg,640,640,ROI,153,271,92,185
984.jpg,640,640,ROI,131,470,202,624
1388.jpg,640,640,ROI,140,428,125,455
468.jpg,640,640,ROI,92,300,45,185
468.jpg,640,640,ROI,19,238,417,561
468.jpg,640,640,ROI,309,393,412,478
468.jpg,640,640,ROI,221,296,155,483
594.jpg,640,640,ROI,179,303,147,263
1194.jpg,640,640,ROI,314,514,71,269
1194.jpg,640,640,ROI,194,486,348,540
081.jpg,640,640,ROI,507,637,187,467
364.jpg,640,640,ROI,4,218,59,199
364.jpg,640,640,ROI,19,153,392,641
225.jpg,640,640,ROI,153,495,165,418
973.jpg,640,640,ROI,54,607,113,542
1318.jpg,640,640,ROI,200,338,253,427
748.jpg,640,640,ROI,172,488,172,354
1033.jpg,640,640,ROI,82,522,44,526
404.jpg,640,640,ROI,245,411,271,397
746.jpg,640,640,ROI,126,378,358,484
746.jpg,640,640,ROI,192,491,102,312
144.jpg,640,640,ROI,193,526,152,641
1421.jpg,640,640,ROI,156,503,227,624
1421.jpg,640,640,ROI,192,604,45,226
119.jpg,640,640,ROI,165,451,230,508
119.jpg,640,640,ROI,473,548,372,428
258.jpg,640,640,ROI,329,617,101,429
842.jpg,640,640,ROI,335,463,194,383
842.jpg,640,640,ROI,174,298,181,382
412.jpg,640,640,ROI,332,501,23,270
188.jpg,640,640,ROI,89,213,93,256
188.jpg,640,640,ROI,391,508,6,199
188.jpg,640,640,ROI,288,457,405,635
188.jpg,640,640,ROI,474,608,415,621
301.jpg,640,640,ROI,15,613,44,622
930.jpg,640,640,ROI,295,421,276,517
919.jpg,640,640,ROI,270,549,1,485
269.jpg,640,640,ROI,71,556,107,492
848.jpg,640,640,ROI,189,414,438,617
848.jpg,640,640,ROI,169,384,13,132
848.jpg,640,640,ROI,161,294,192,326
674.jpg,640,640,ROI,252,541,98,591
902.jpg,640,640,ROI,226,531,107,293
902.jpg,640,640,ROI,123,437,331,489
574.jpg,640,640,ROI,110,483,99,561
140.jpg,640,640,ROI,121,510,73,577
1200.jpg,640,640,ROI,457,487,367,417
935.jpg,640,640,ROI,237,504,20,344
935.jpg,640,640,ROI,7,362,400,556
129.jpg,640,640,ROI,316,506,154,387
1184.jpg,640,640,ROI,311,403,342,414
1184.jpg,640,640,ROI,120,154,234,288
1184.jpg,640,640,ROI,181,293,195,298
1008.jpg,640,640,ROI,156,466,62,626
126.jpg,640,640,ROI,195,477,157,469
126.jpg,640,640,ROI,374,497,64,151
340.jpg,640,640,ROI,104,441,239,467
840.jpg,640,640,ROI,213,326,228,362
840.jpg,640,640,ROI,241,363,384,548
470.jpg,640,640,ROI,179,632,148,490
470.jpg,640,640,ROI,206,506,478,632
1070.jpg,640,640,ROI,227,433,179,326
1303.jpg,640,640,ROI,76,132,142,244
1303.jpg,640,640,ROI,140,197,126,219
1303.jpg,640,640,ROI,214,272,178,265
1303.jpg,640,640,ROI,336,400,68,166
1303.jpg,640,640,ROI,187,275,466,551
1303.jpg,640,640,ROI,228,358,319,437
1303.jpg,640,640,ROI,341,454,413,501
1303.jpg,640,640,ROI,406,476,68,156
1303.jpg,640,640,ROI,508,569,115,210
1173.jpg,640,640,ROI,227,435,124,312
082.jpg,640,640,ROI,223,405,149,365
082.jpg,640,640,ROI,445,489,265,292
082.jpg,640,640,ROI,541,587,126,156
257.jpg,640,640,ROI,329,617,101,429
1284.jpg,640,640,ROI,278,411,232,399
1284.jpg,640,640,ROI,1,55,150,309
1284.jpg,640,640,ROI,423,512,452,640
1284.jpg,640,640,ROI,257,418,494,625
979.jpg,640,640,ROI,169,495,110,482
572.jpg,640,640,ROI,193,339,441,527
572.jpg,640,640,ROI,287,401,222,300
572.jpg,640,640,ROI,308,422,125,207
759.jpg,640,640,ROI,149,387,176,374
759.jpg,640,640,ROI,448,566,166,322
1150.jpg,640,640,ROI,222,626,141,405
1150.jpg,640,640,ROI,11,198,231,407
1240.jpg,640,640,ROI,387,543,180,385
400.jpg,640,640,ROI,614,641,477,537
107.jpg,640,640,ROI,57,525,153,488
365.jpg,640,640,ROI,4,218,59,199
365.jpg,640,640,ROI,19,153,392,641
159.jpg,640,640,ROI,268,432,81,281
159.jpg,640,640,ROI,294,414,296,476
159.jpg,640,640,ROI,453,591,255,451
159.jpg,640,640,ROI,66,216,268,467
1036.jpg,640,640,ROI,50,384,123,538
045.jpg,640,640,ROI,312,524,93,369
045.jpg,640,640,ROI,144,399,247,606
045.jpg,640,640,ROI,56,258,16,321
479.jpg,640,640,ROI,426,525,216,341
479.jpg,640,640,ROI,108,289,189,425
479.jpg,640,640,ROI,447,641,477,604
825.jpg,640,640,ROI,86,198,103,299
825.jpg,640,640,ROI,230,346,158,282
825.jpg,640,640,ROI,350,638,154,260
115.jpg,640,640,ROI,19,597,103,530
904.jpg,640,640,ROI,143,408,165,497
904.jpg,640,640,ROI,85,194,339,418
187.jpg,640,640,ROI,89,213,93,256
187.jpg,640,640,ROI,391,509,6,199
187.jpg,640,640,ROI,288,457,405,635
187.jpg,640,640,ROI,474,608,415,621
906.jpg,640,640,ROI,143,408,165,497
906.jpg,640,640,ROI,85,195,339,418
1300.jpg,640,640,ROI,114,450,178,445
1259.jpg,640,640,ROI,342,544,414,551
1259.jpg,640,640,ROI,237,531,68,190
1259.jpg,640,640,ROI,212,317,238,403
401.jpg,640,640,ROI,2,28,477,537
1014.jpg,640,640,ROI,225,608,225,445
560.jpg,640,640,ROI,117,518,146,292
1434.jpg,640,640,ROI,163,495,229,429
750.jpg,640,640,ROI,172,488,289,471
1109.jpg,640,640,ROI,277,329,15,66
1109.jpg,640,640,ROI,278,321,188,259
1109.jpg,640,640,ROI,441,494,204,267
1109.jpg,640,640,ROI,372,415,357,427
1109.jpg,640,640,ROI,83,116,504,553
1109.jpg,640,640,ROI,504,549,444,503
1192.jpg,640,640,ROI,99,185,161,263
680.jpg,640,640,ROI,132,582,188,592
981.jpg,640,640,ROI,160,532,169,495
585.jpg,640,640,ROI,54,270,65,291
585.jpg,640,640,ROI,248,334,357,610
585.jpg,640,640,ROI,374,451,144,282
422.jpg,640,640,ROI,330,527,161,397
422.jpg,640,640,ROI,315,447,370,512
252.jpg,640,640,ROI,43,529,91,489
038.jpg,640,640,ROI,56,580,96,562
1353.jpg,640,640,ROI,404,543,139,542
1353.jpg,640,640,ROI,277,419,43,493
1353.jpg,640,640,ROI,191,291,364,550
1317.jpg,640,640,ROI,200,338,253,427
373.jpg,640,640,ROI,177,351,177,515
1054.jpg,640,640,ROI,203,409,258,400
507.jpg,640,640,ROI,341,433,191,313
507.jpg,640,640,ROI,410,504,233,445
1068.jpg,640,640,ROI,229,405,208,475
330.jpg,640,640,ROI,94,445,363,589
402.jpg,640,640,ROI,105,165,2,28
878.jpg,640,640,ROI,180,491,193,565
878.jpg,640,640,ROI,191,461,10,162
1286.jpg,640,640,ROI,278,412,232,400
1286.jpg,640,640,ROI,1,55,150,309
1286.jpg,640,640,ROI,423,513,452,640
1286.jpg,640,640,ROI,257,418,494,625
941.jpg,640,640,ROI,196,453,35,641
886.jpg,640,640,ROI,117,495,87,525
111.jpg,640,640,ROI,74,625,102,580
094.jpg,640,640,ROI,489,641,143,385
094.jpg,640,640,ROI,332,475,283,454
094.jpg,640,640,ROI,137,277,496,603
094.jpg,640,640,ROI,201,286,153,218
094.jpg,640,640,ROI,16,105,87,171
275.jpg,640,640,ROI,205,535,66,444
1359.jpg,640,640,ROI,191,329,278,501
305.jpg,640,640,ROI,92,500,46,641
192.jpg,640,640,ROI,378,466,164,287
1168.jpg,640,640,ROI,82,380,152,332
1168.jpg,640,640,ROI,62,302,389,524
070.jpg,640,640,ROI,225,340,200,340
199.jpg,640,640,ROI,252,402,279,393
1307.jpg,640,640,ROI,178,511,150,562
458.jpg,640,640,ROI,135,233,376,510
458.jpg,640,640,ROI,333,424,136,448
458.jpg,640,640,ROI,432,574,129,473
142.jpg,640,640,ROI,194,526,153,641
758.jpg,640,640,ROI,268,466,256,494
758.jpg,640,640,ROI,320,476,76,194
271.jpg,640,640,ROI,56,488,33,510
969.jpg,640,640,ROI,429,621,156,416
1077.jpg,640,640,ROI,101,175,293,352
1077.jpg,640,640,ROI,94,170,373,421
263.jpg,640,640,ROI,165,496,156,470
090.jpg,640,640,ROI,4,635,66,630
1072.jpg,640,640,ROI,101,449,336,456
807.jpg,640,640,ROI,386,540,130,370
807.jpg,640,640,ROI,153,386,238,574
1377.jpg,640,640,ROI,361,484,34,130
1377.jpg,640,640,ROI,206,351,92,157
1441.jpg,640,640,ROI,209,494,173,372
1020.jpg,640,640,ROI,68,553,24,529
1093.jpg,640,640,ROI,214,498,79,217
1093.jpg,640,640,ROI,114,319,278,503
950.jpg,640,640,ROI,1,583,49,520
465.jpg,640,640,ROI,378,611,218,498
465.jpg,640,640,ROI,62,196,293,448
465.jpg,640,640,ROI,212,442,17,175
465.jpg,640,640,ROI,494,605,541,641
1061.jpg,640,640,ROI,190,400,251,409
1382.jpg,640,640,ROI,240,452,254,485
447.jpg,640,640,ROI,261,428,168,404
1002.jpg,640,640,ROI,115,537,68,587
197.jpg,640,640,ROI,223,419,134,403
920.jpg,640,640,ROI,270,549,1,485
103.jpg,640,640,ROI,190,467,164,538
506.jpg,640,640,ROI,191,313,210,302
506.jpg,640,640,ROI,233,445,139,233
076.jpg,640,640,ROI,197,615,86,528
1357.jpg,640,640,ROI,357,549,1,476
1357.jpg,640,640,ROI,129,316,9,596
514.jpg,640,640,ROI,115,501,176,418
268.jpg,640,640,ROI,87,571,151,535
625.jpg,640,640,ROI,31,158,462,586
625.jpg,640,640,ROI,438,501,358,446
908.jpg,640,640,ROI,58,378,293,433
908.jpg,640,640,ROI,467,641,3,89
323.jpg,640,640,ROI,201,490,123,467
1177.jpg,640,640,ROI,111,535,221,409
1213.jpg,640,640,ROI,56,246,74,534
1213.jpg,640,640,ROI,384,494,360,511
1213.jpg,640,640,ROI,364,444,138,210
324.jpg,640,640,ROI,201,490,175,519
212.jpg,640,640,ROI,225,479,153,506
1273.jpg,640,640,ROI,259,429,74,350
806.jpg,640,640,ROI,130,370,386,540
806.jpg,640,640,ROI,238,574,154,386
951.jpg,640,640,ROI,59,641,122,593
1013.jpg,640,640,ROI,225,445,225,608
536.jpg,640,640,ROI,68,572,112,530
597.jpg,640,640,ROI,72,253,208,465
431.jpg,640,640,ROI,399,487,162,347
209.jpg,640,640,ROI,196,234,214,322
209.jpg,640,640,ROI,410,445,248,304
209.jpg,640,640,ROI,441,467,186,209
209.jpg,640,640,ROI,286,301,220,250
209.jpg,640,640,ROI,332,346,209,237
209.jpg,640,640,ROI,191,213,410,437
209.jpg,640,640,ROI,346,364,527,564
489.jpg,640,640,ROI,341,432,262,492
262.jpg,640,640,ROI,165,496,156,470
1276.jpg,640,640,ROI,102,641,6,627
946.jpg,640,640,ROI,78,265,244,449
946.jpg,640,640,ROI,332,614,141,356
1159.jpg,640,640,ROI,415,598,350,418
1044.jpg,640,640,ROI,190,453,128,506
956.jpg,640,640,ROI,1,605,139,516
1056.jpg,640,640,ROI,203,409,242,384
440.jpg,640,640,ROI,24,641,29,492
1095.jpg,640,640,ROI,214,498,79,217
1095.jpg,640,640,ROI,115,319,279,503
1180.jpg,640,640,ROI,206,421,203,292
1208.jpg,640,640,ROI,153,281,22,302
1208.jpg,640,640,ROI,352,500,405,547
1085.jpg,640,640,ROI,180,292,394,512
1085.jpg,640,640,ROI,137,242,84,187
505.jpg,640,640,ROI,191,312,210,301
505.jpg,640,640,ROI,233,445,139,233
903.jpg,640,640,ROI,107,293,226,531
903.jpg,640,640,ROI,331,489,123,437
147.jpg,640,640,ROI,134,280,141,251
147.jpg,640,640,ROI,123,243,444,514
147.jpg,640,640,ROI,72,190,293,386
147.jpg,640,640,ROI,307,411,498,568
754.jpg,640,640,ROI,271,573,42,348
818.jpg,640,640,ROI,104,318,8,319
791.jpg,640,640,ROI,97,567,112,450
1166.jpg,640,640,ROI,166,304,189,311
1166.jpg,640,640,ROI,397,497,350,442
448.jpg,640,640,ROI,158,506,253,384
327.jpg,640,640,ROI,208,422,140,540
1074.jpg,640,640,ROI,336,456,101,449
243.jpg,640,640,ROI,265,544,100,500
243.jpg,640,640,ROI,29,295,301,461
315.jpg,640,640,ROI,163,436,225,617
180.jpg,640,640,ROI,311,480,223,403
180.jpg,640,640,ROI,191,231,449,501
180.jpg,640,640,ROI,144,180,408,446
122.jpg,640,640,ROI,166,462,161,426
773.jpg,640,640,ROI,403,567,113,247
1023.jpg,640,640,ROI,179,594,177,380
1351.jpg,640,640,ROI,275,462,331,529
1351.jpg,640,640,ROI,108,218,364,534
1351.jpg,640,640,ROI,150,292,101,279
1351.jpg,640,640,ROI,16,132,247,375
813.jpg,640,640,ROI,111,408,131,549
855.jpg,640,640,ROI,12,624,233,471
730.jpg,640,640,ROI,242,528,48,624
1404.jpg,640,640,ROI,263,483,176,386
1404.jpg,640,640,ROI,552,637,148,250
1268.jpg,640,640,ROI,68,460,204,497
1368.jpg,640,640,ROI,172,365,225,365
346.jpg,640,640,ROI,444,482,463,507
346.jpg,640,640,ROI,414,446,142,200
346.jpg,640,640,ROI,348,394,258,320
346.jpg,640,640,ROI,304,327,434,468
346.jpg,640,640,ROI,365,410,506,554
346.jpg,640,640,ROI,125,158,239,333
1106.jpg,640,640,ROI,13,165,11,545
1106.jpg,640,640,ROI,175,475,99,560
207.jpg,640,640,ROI,141,438,110,394
1075.jpg,640,640,ROI,293,352,467,542
1075.jpg,640,640,ROI,372,421,472,548
478.jpg,640,640,ROI,118,217,217,341
478.jpg,640,640,ROI,353,535,189,425
478.jpg,640,640,ROI,1,195,477,604
1277.jpg,640,640,ROI,102,641,6,627
547.jpg,640,640,ROI,155,229,302,364
900.jpg,640,640,ROI,3,641,116,610
345.jpg,640,640,ROI,482,604,257,515
345.jpg,640,640,ROI,39,180,242,510
1425.jpg,640,640,ROI,115,421,137,315
108.jpg,640,640,ROI,57,525,154,489
260.jpg,640,640,ROI,170,475,62,570
1251.jpg,640,640,ROI,1,237,29,276
1251.jpg,640,640,ROI,462,639,13,297
1251.jpg,640,640,ROI,263,419,84,306
914.jpg,640,640,ROI,2,608,93,505
053.jpg,640,640,ROI,218,459,113,595
593.jpg,640,640,ROI,179,303,146,263
1203.jpg,640,640,ROI,407,587,295,425
357.jpg,640,640,ROI,471,545,493,548
357.jpg,640,640,ROI,541,641,110,422
453.jpg,640,640,ROI,99,219,180,293
453.jpg,640,640,ROI,313,388,287,391
453.jpg,640,640,ROI,204,303,299,439
453.jpg,640,640,ROI,458,551,371,490
958.jpg,640,640,ROI,106,525,15,641
823.jpg,640,640,ROI,86,198,343,539
823.jpg,640,640,ROI,230,346,360,484
823.jpg,640,640,ROI,350,638,382,489
098.jpg,640,640,ROI,442,495,463,507
1201.jpg,640,640,ROI,367,417,155,185
974.jpg,640,640,ROI,101,530,35,588
1021.jpg,640,640,ROI,179,594,178,380
983.jpg,640,640,ROI,173,512,202,624
989.jpg,640,640,ROI,139,484,99,554
989.jpg,640,640,ROI,263,475,1,198
576.jpg,640,640,ROI,160,533,82,544
603.jpg,640,640,ROI,287,379,291,371
1281.jpg,640,640,ROI,178,472,102,522
1161.jpg,640,640,ROI,121,193,188,257
1161.jpg,640,640,ROI,166,222,436,484
1161.jpg,640,640,ROI,221,307,180,259
1161.jpg,640,640,ROI,417,484,206,252
179.jpg,640,640,ROI,223,403,311,480
179.jpg,640,640,ROI,449,501,191,231
179.jpg,640,640,ROI,408,446,144,180
1189.jpg,640,640,ROI,429,505,372,467
1189.jpg,640,640,ROI,83,150,269,432
1189.jpg,640,640,ROI,549,568,354,395
1189.jpg,640,640,ROI,375,407,100,153
1189.jpg,640,640,ROI,486,507,269,323
1083.jpg,640,640,ROI,231,485,180,508
191.jpg,640,640,ROI,378,466,355,479
1041.jpg,640,640,ROI,262,412,233,393
339.jpg,640,640,ROI,36,590,153,436
653.jpg,640,640,ROI,335,394,162,234
132.jpg,640,640,ROI,46,596,13,623
877.jpg,640,640,ROI,77,449,180,491
877.jpg,640,640,ROI,481,633,191,461
304.jpg,640,640,ROI,46,641,92,500
569.jpg,640,640,ROI,380,478,139,279
569.jpg,640,640,ROI,206,270,249,423
569.jpg,640,640,ROI,435,473,507,559
569.jpg,640,640,ROI,217,250,91,141
569.jpg,640,640,ROI,237,259,564,601
650.jpg,640,640,ROI,198,426,99,307
647.jpg,640,640,ROI,132,474,155,431
1422.jpg,640,640,ROI,256,458,175,491
676.jpg,640,640,ROI,215,628,165,427
450.jpg,640,640,ROI,136,484,259,389
944.jpg,640,640,ROI,5,212,171,611
944.jpg,640,640,ROI,440,635,165,551
409.jpg,640,640,ROI,225,429,175,303
1369.jpg,640,640,ROI,277,417,172,365
1188.jpg,640,640,ROI,137,213,372,468
1188.jpg,640,640,ROI,492,559,269,432
1188.jpg,640,640,ROI,75,94,354,395
1188.jpg,640,640,ROI,235,267,101,153
1188.jpg,640,640,ROI,135,157,269,323
846.jpg,640,640,ROI,126,310,186,399
1030.jpg,640,640,ROI,69,632,43,583
577.jpg,640,640,ROI,122,238,523,641
577.jpg,640,640,ROI,231,363,41,86
577.jpg,640,640,ROI,308,352,228,267
1280.jpg,640,640,ROI,10,607,16,627
1241.jpg,640,640,ROI,180,385,99,255
1048.jpg,640,640,ROI,90,360,216,520
194.jpg,640,640,ROI,288,422,235,412
1419.jpg,640,640,ROI,140,487,227,624
1419.jpg,640,640,ROI,39,451,45,226
912.jpg,640,640,ROI,444,626,174,405
912.jpg,640,640,ROI,105,335,109,521
912.jpg,640,640,ROI,1,68,145,271
149.jpg,640,640,ROI,65,549,38,641
875.jpg,640,640,ROI,216,474,163,447
472.jpg,640,640,ROI,73,393,157,487
1165.jpg,640,640,ROI,189,311,166,304
1165.jpg,640,640,ROI,350,442,397,497
776.jpg,640,640,ROI,184,384,344,574
776.jpg,640,640,ROI,216,398,129,281
1164.jpg,640,640,ROI,189,311,338,476
1164.jpg,640,640,ROI,350,442,145,245
1282.jpg,640,640,ROI,120,540,170,464
1122.jpg,640,640,ROI,76,472,135,446
1151.jpg,640,640,ROI,16,420,141,405
1151.jpg,640,640,ROI,444,631,231,407
1279.jpg,640,640,ROI,16,628,35,633
872.jpg,640,640,ROI,77,518,148,611
1374.jpg,640,640,ROI,355,390,439,495
1374.jpg,640,640,ROI,461,487,364,397
1374.jpg,640,640,ROI,185,210,397,436
1374.jpg,640,640,ROI,151,182,492,530
1374.jpg,640,640,ROI,79,108,418,460
1374.jpg,640,640,ROI,183,206,230,262
1374.jpg,640,640,ROI,198,212,127,159
1374.jpg,640,640,ROI,484,505,228,264
1374.jpg,640,640,ROI,522,551,365,406
1374.jpg,640,640,ROI,516,535,475,505
939.jpg,640,640,ROI,44,258,130,607
939.jpg,640,640,ROI,283,455,100,464
546.jpg,640,640,ROI,170,263,32,107
546.jpg,640,640,ROI,136,204,174,228
546.jpg,640,640,ROI,436,508,410,455
546.jpg,640,640,ROI,211,309,405,495
546.jpg,640,640,ROI,379,504,217,298
834.jpg,640,640,ROI,225,445,354,461
834.jpg,640,640,ROI,176,254,266,346
1327.jpg,640,640,ROI,182,462,144,524
378.jpg,640,640,ROI,152,339,311,487
284.jpg,640,640,ROI,215,427,167,467
782.jpg,640,640,ROI,182,298,186,301
782.jpg,640,640,ROI,306,405,62,120
731.jpg,640,640,ROI,242,528,48,624
1336.jpg,640,640,ROI,1,641,1,641
241.jpg,640,640,ROI,265,544,142,542
241.jpg,640,640,ROI,29,295,181,342
711.jpg,640,640,ROI,310,420,205,304
711.jpg,640,640,ROI,218,361,492,636
711.jpg,640,640,ROI,116,315,293,387
493.jpg,640,640,ROI,220,410,234,296
781.jpg,640,640,ROI,344,460,342,457
781.jpg,640,640,ROI,238,337,522,580
1322.jpg,640,640,ROI,84,520,72,630
1309.jpg,640,640,ROI,216,380,187,409
788.jpg,640,640,ROI,205,504,78,459
326.jpg,640,640,ROI,140,540,221,435
1400.jpg,640,640,ROI,151,431,140,435
055.jpg,640,640,ROI,94,129,177,261
055.jpg,640,640,ROI,240,272,129,173
055.jpg,640,640,ROI,224,282,318,380
055.jpg,640,640,ROI,383,493,229,411
055.jpg,640,640,ROI,329,422,343,575
338.jpg,640,640,ROI,153,436,36,590
319.jpg,640,640,ROI,314,627,156,375
319.jpg,640,640,ROI,1,303,172,553
1003.jpg,640,640,ROI,188,422,259,415
673.jpg,640,640,ROI,252,541,98,591
632.jpg,640,640,ROI,106,166,224,450
549.jpg,640,640,ROI,302,364,155,229
251.jpg,640,640,ROI,91,489,43,529
052.jpg,640,640,ROI,113,595,218,459
091.jpg,640,640,ROI,70,494,107,527
183.jpg,640,640,ROI,18,223,141,429
183.jpg,640,640,ROI,444,641,347,564
146.jpg,640,640,ROI,141,251,362,508
146.jpg,640,640,ROI,443,514,400,520
146.jpg,640,640,ROI,293,386,452,570
146.jpg,640,640,ROI,498,567,232,335
310.jpg,640,640,ROI,104,415,91,529
072.jpg,640,640,ROI,303,418,302,442
290.jpg,640,640,ROI,92,552,14,641
945.jpg,640,640,ROI,430,638,31,471
945.jpg,640,640,ROI,8,203,91,477
847.jpg,640,640,ROI,228,454,26,205
847.jpg,640,640,ROI,259,474,510,629
847.jpg,640,640,ROI,349,482,316,450
109.jpg,640,640,ROI,102,580,17,568
1338.jpg,640,640,ROI,145,261,258,393
1338.jpg,640,640,ROI,29,150,170,319
1315.jpg,640,640,ROI,187,435,104,544
1379.jpg,640,640,ROI,361,484,34,130
1379.jpg,640,640,ROI,206,351,92,157
312.jpg,640,640,ROI,113,551,228,539
1226.jpg,640,640,ROI,216,271,188,274
1226.jpg,640,640,ROI,108,157,389,454
1226.jpg,640,640,ROI,467,492,558,595
1226.jpg,640,640,ROI,456,508,72,112
1271.jpg,640,640,ROI,334,509,53,222
1271.jpg,640,640,ROI,159,559,353,535
1271.jpg,640,640,ROI,334,502,236,402
1271.jpg,640,640,ROI,16,170,70,226
1252.jpg,640,640,ROI,366,613,1,237
1252.jpg,640,640,ROI,346,630,462,639
1252.jpg,640,640,ROI,337,559,263,419
1063.jpg,640,640,ROI,106,479,88,641
1263.jpg,640,640,ROI,186,435,119,475
322.jpg,640,640,ROI,123,467,201,490
669.jpg,640,640,ROI,127,639,80,622
609.jpg,640,640,ROI,1,541,40,629
1320.jpg,640,640,ROI,122,558,72,630
1255.jpg,640,640,ROI,103,543,65,470
1098.jpg,640,640,ROI,1,571,100,558
1299.jpg,640,640,ROI,114,450,197,464
537.jpg,640,640,ROI,112,530,71,575
139.jpg,640,640,ROI,121,511,73,577
1330.jpg,640,640,ROI,222,431,226,460
1397.jpg,640,640,ROI,236,442,213,401
1433.jpg,640,640,ROI,250,410,178,468
1390.jpg,640,640,ROI,76,348,285,468
1390.jpg,640,640,ROI,197,277,95,159
1390.jpg,640,640,ROI,438,552,570,638
606.jpg,640,640,ROI,62,608,52,598
652.jpg,640,640,ROI,408,481,248,307
774.jpg,640,640,ROI,403,567,395,529
056.jpg,640,640,ROI,513,548,382,466
056.jpg,640,640,ROI,371,403,470,514
056.jpg,640,640,ROI,361,419,263,325
056.jpg,640,640,ROI,149,259,231,413
056.jpg,640,640,ROI,221,314,67,299
985.jpg,640,640,ROI,27,573,19,623
934.jpg,640,640,ROI,299,623,237,504
934.jpg,640,640,ROI,86,242,7,362
1028.jpg,640,640,ROI,230,424,41,498
599.jpg,640,640,ROI,179,224,327,394
097.jpg,640,640,ROI,462,507,442,495
1370.jpg,640,640,ROI,172,365,225,365
389.jpg,640,640,ROI,116,211,485,635
1291.jpg,640,640,ROI,1,344,11,599
1198.jpg,640,640,ROI,401,581,344,449
173.jpg,640,640,ROI,1,241,206,566
054.jpg,640,640,ROI,218,459,113,594
234.jpg,640,640,ROI,124,313,109,314
234.jpg,640,640,ROI,223,268,321,370
234.jpg,640,640,ROI,396,619,196,367
659.jpg,640,640,ROI,68,156,264,369
659.jpg,640,640,ROI,554,637,254,321
659.jpg,640,640,ROI,210,522,196,308
039.jpg,640,640,ROI,96,562,62,586
240.jpg,640,640,ROI,62,605,128,586
105.jpg,640,640,ROI,175,453,164,538
921.jpg,640,640,ROI,1,485,93,372
485.jpg,640,640,ROI,275,351,365,497
485.jpg,640,640,ROI,404,456,343,400
485.jpg,640,640,ROI,265,301,516,566
1233.jpg,640,640,ROI,95,177,162,344
1233.jpg,640,640,ROI,112,305,354,511
1233.jpg,640,640,ROI,426,554,191,304
1233.jpg,640,640,ROI,345,510,501,638
566.jpg,640,640,ROI,371,436,72,126
566.jpg,640,640,ROI,279,394,364,444
566.jpg,640,640,ROI,214,362,472,576
566.jpg,640,640,ROI,267,345,602,640
566.jpg,640,640,ROI,390,426,249,276
566.jpg,640,640,ROI,411,441,177,211
566.jpg,640,640,ROI,380,424,278,303
566.jpg,640,640,ROI,261,316,262,309
1067.jpg,640,640,ROI,229,405,208,475
998.jpg,640,640,ROI,173,459,85,566
152.jpg,640,640,ROI,429,563,123,327
152.jpg,640,640,ROI,160,286,104,243
117.jpg,640,640,ROI,113,540,18,597
276.jpg,640,640,ROI,199,577,108,438
303.jpg,640,640,ROI,20,598,15,613
293.jpg,640,640,ROI,124,576,53,516
583.jpg,640,640,ROI,65,291,373,589
583.jpg,640,640,ROI,357,610,308,394
583.jpg,640,640,ROI,144,282,191,269
078.jpg,640,640,ROI,28,446,114,556
136.jpg,640,640,ROI,204,454,236,618
150.jpg,640,640,ROI,1,604,93,578
311.jpg,640,640,ROI,104,415,91,529
1349.jpg,640,640,ROI,203,474,188,471
799.jpg,640,640,ROI,78,500,58,526
901.jpg,640,640,ROI,226,531,107,293
901.jpg,640,640,ROI,123,437,331,489
836.jpg,640,640,ROI,76,519,72,428
838.jpg,640,640,ROI,228,362,316,430
838.jpg,640,640,ROI,384,548,279,401
169.jpg,640,640,ROI,54,590,100,529
927.jpg,640,640,ROI,274,543,286,495
1393.jpg,640,640,ROI,87,596,97,503
749.jpg,640,640,ROI,289,471,154,470
828.jpg,640,640,ROI,1,211,86,504
040.jpg,640,640,ROI,288,425,12,188
1052.jpg,640,640,ROI,40,577,74,554
968.jpg,640,640,ROI,226,486,22,214
309.jpg,640,640,ROI,299,501,190,412
333.jpg,640,640,ROI,191,421,208,380
600.jpg,640,640,ROI,327,394,179,225
1297.jpg,640,640,ROI,295,486,194,551
359.jpg,640,640,ROI,107,367,102,472
737.jpg,640,640,ROI,176,421,105,263
737.jpg,640,640,ROI,177,259,400,498
1145.jpg,640,640,ROI,142,471,1,508
063.jpg,640,640,ROI,178,548,203,468
953.jpg,640,640,ROI,177,625,150,471
822.jpg,640,640,ROI,2,233,54,614
325.jpg,640,640,ROI,102,502,208,421
176.jpg,640,640,ROI,65,515,64,620
678.jpg,640,640,ROI,165,427,215,628
895.jpg,640,640,ROI,295,493,260,504
952.jpg,640,640,ROI,177,625,150,471
592.jpg,640,640,ROI,380,496,339,463
949.jpg,640,640,ROI,49,520,59,641
387.jpg,640,640,ROI,179,285,12,140
387.jpg,640,640,ROI,247,418,151,329
071.jpg,640,640,ROI,200,340,303,418
991.jpg,640,640,ROI,67,578,88,548
1384.jpg,640,640,ROI,137,525,1,559
196.jpg,640,640,ROI,134,404,223,419
683.jpg,640,640,ROI,55,489,184,596
114.jpg,640,640,ROI,214,426,115,491
473.jpg,640,640,ROI,156,486,250,570
772.jpg,640,640,ROI,75,239,113,248
611.jpg,640,640,ROI,28,602,67,566
1323.jpg,640,640,ROI,175,475,159,531
1296.jpg,640,640,ROI,295,486,194,551
1405.jpg,640,640,ROI,263,483,176,386
1405.jpg,640,640,ROI,552,637,148,250
1090.jpg,640,640,ROI,189,477,176,559
881.jpg,640,640,ROI,230,380,208,459
696.jpg,640,640,ROI,115,321,271,450
216.jpg,640,640,ROI,229,563,87,562
1132.jpg,640,640,ROI,292,442,233,313
135.jpg,640,640,ROI,180,410,320,465
1328.jpg,640,640,ROI,182,462,118,498
1424.jpg,640,640,ROI,184,386,152,468
1059.jpg,640,640,ROI,237,425,266,407
1123.jpg,640,640,ROI,170,566,136,446
469.jpg,640,640,ROI,152,495,179,632
469.jpg,640,640,ROI,10,165,206,506
1313.jpg,640,640,ROI,176,526,121,617
334.jpg,640,640,ROI,39,495,191,561
334.jpg,640,640,ROI,124,567,1,173
648.jpg,640,640,ROI,212,488,168,510
1204.jpg,640,640,ROI,218,348,55,235
423.jpg,640,640,ROI,246,482,330,527
423.jpg,640,640,ROI,130,272,315,447
590.jpg,640,640,ROI,115,418,125,307
337.jpg,640,640,ROI,206,489,36,590
508.jpg,640,640,ROI,296,488,329,389
705.jpg,640,640,ROI,52,484,343,509
705.jpg,640,640,ROI,205,487,79,315
580.jpg,640,640,ROI,210,396,290,607
885.jpg,640,640,ROI,82,183,173,324
885.jpg,640,640,ROI,420,513,47,154
885.jpg,640,640,ROI,391,484,327,490
885.jpg,640,640,ROI,327,382,469,563
885.jpg,640,640,ROI,236,534,12,584
1305.jpg,640,640,ROI,131,464,80,492
1367.jpg,640,640,ROI,229,378,238,428
947.jpg,640,640,ROI,244,449,378,564
947.jpg,640,640,ROI,142,356,28,310
341.jpg,640,640,ROI,239,467,104,441
1366.jpg,640,640,ROI,238,428,264,413
633.jpg,640,640,ROI,476,536,224,450
124.jpg,640,640,ROI,165,447,173,486
124.jpg,640,640,ROI,146,269,492,579
937.jpg,640,640,ROI,36,513,44,258
937.jpg,640,640,ROI,178,542,283,455
826.jpg,640,640,ROI,139,557,1,211
1395.jpg,640,640,ROI,213,401,236,441
915.jpg,640,640,ROI,2,608,93,505
467.jpg,640,640,ROI,343,550,457,597
467.jpg,640,640,ROI,405,623,81,225
467.jpg,640,640,ROI,249,333,164,230
467.jpg,640,640,ROI,347,422,160,488
510.jpg,640,640,ROI,296,488,329,389
857.jpg,640,640,ROI,144,604,58,542
1224.jpg,640,640,ROI,368,454,371,426
1224.jpg,640,640,ROI,189,253,485,535
1224.jpg,640,640,ROI,48,85,150,175
1224.jpg,640,640,ROI,530,570,134,186
932.jpg,640,640,ROI,252,552,112,354
697.jpg,640,640,ROI,130,266,114,400
697.jpg,640,640,ROI,525,617,318,468
933.jpg,640,640,ROI,112,354,90,390
1097.jpg,640,640,ROI,85,543,71,641
236.jpg,640,640,ROI,99,413,14,294
236.jpg,640,640,ROI,227,546,326,636
1432.jpg,640,640,ROI,250,410,175,465
170.jpg,640,640,ROI,54,590,100,529
1260.jpg,640,640,ROI,253,405,333,480
1058.jpg,640,640,ROI,217,405,266,407
046.jpg,640,640,ROI,91,559,95,529
694.jpg,640,640,ROI,115,321,193,371
691.jpg,640,640,ROI,175,405,306,495
691.jpg,640,640,ROI,306,524,65,219
367.jpg,640,640,ROI,171,373,231,447
815.jpg,640,640,ROI,220,601,193,511
789.jpg,640,640,ROI,205,504,79,459
654.jpg,640,640,ROI,335,394,409,481
461.jpg,640,640,ROI,100,397,257,500
732.jpg,640,640,ROI,18,594,114,400
538.jpg,640,640,ROI,321,536,226,483
1254.jpg,640,640,ROI,65,470,103,543
709.jpg,640,640,ROI,338,437,310,420
709.jpg,640,640,ROI,6,150,218,361
709.jpg,640,640,ROI,256,350,116,315
1292.jpg,640,640,ROI,298,641,43,632
316.jpg,640,640,ROI,52,593,184,572
347.jpg,640,640,ROI,444,482,463,507
347.jpg,640,640,ROI,414,446,142,200
347.jpg,640,640,ROI,348,394,258,320
347.jpg,640,640,ROI,304,327,434,468
347.jpg,640,640,ROI,365,410,506,554
347.jpg,640,640,ROI,125,158,239,333
738.jpg,640,640,ROI,176,421,380,538
738.jpg,640,640,ROI,177,259,145,242
1169.jpg,640,640,ROI,311,491,262,560
1169.jpg,640,640,ROI,119,254,340,581
1055.jpg,640,640,ROI,258,400,203,409
663.jpg,640,640,ROI,274,441,334,521
663.jpg,640,640,ROI,294,463,207,296
1401.jpg,640,640,ROI,173,327,320,588
1401.jpg,640,640,ROI,470,557,385,479
154.jpg,640,640,ROI,223,447,89,342
1114.jpg,640,640,ROI,187,607,155,511
1084.jpg,640,640,ROI,180,292,131,249
1084.jpg,640,640,ROI,137,242,455,558
130.jpg,640,640,ROI,13,623,46,596
425.jpg,640,640,ROI,166,578,394,626
712.jpg,640,640,ROI,266,494,366,466
242.jpg,640,640,ROI,265,544,100,500
242.jpg,640,640,ROI,29,295,300,461
1153.jpg,640,640,ROI,316,392,118,254
1153.jpg,640,640,ROI,437,474,211,262
1153.jpg,640,640,ROI,273,324,388,450
988.jpg,640,640,ROI,89,544,158,504
988.jpg,640,640,ROI,445,641,167,379
531.jpg,640,640,ROI,202,383,335,503
531.jpg,640,640,ROI,498,640,193,340
531.jpg,640,640,ROI,1,94,409,531
607.jpg,640,640,ROI,1,541,40,629
1437.jpg,640,640,ROI,84,492,107,525
578.jpg,640,640,ROI,122,238,523,641
578.jpg,640,640,ROI,232,363,41,87
578.jpg,640,640,ROI,308,352,228,267
329.jpg,640,640,ROI,94,445,54,280
1431.jpg,640,640,ROI,175,465,232,392
1398.jpg,640,640,ROI,140,435,151,430
962.jpg,640,640,ROI,87,545,19,617
1340.jpg,640,640,ROI,144,261,258,393
1340.jpg,640,640,ROI,29,149,170,319
1046.jpg,640,640,ROI,244,384,256,368
133.jpg,640,640,ROI,178,323,232,463
080.jpg,640,640,ROI,175,455,6,136
1040.jpg,640,640,ROI,233,393,231,381
1325.jpg,640,640,ROI,111,483,167,467
561.jpg,640,640,ROI,350,496,125,526
213.jpg,640,640,ROI,136,489,225,479
1107.jpg,640,640,ROI,15,66,314,366
1107.jpg,640,640,ROI,188,260,322,364
1107.jpg,640,640,ROI,204,267,148,201
1107.jpg,640,640,ROI,357,427,228,270
1107.jpg,640,640,ROI,504,553,526,560
1107.jpg,640,640,ROI,445,503,93,138
156.jpg,640,640,ROI,301,553,223,447
1205.jpg,640,640,ROI,295,424,55,235
990.jpg,640,640,ROI,139,485,99,554
990.jpg,640,640,ROI,263,475,2,198
217.jpg,640,640,ROI,72,238,191,454
1113.jpg,640,640,ROI,131,487,187,607
760.jpg,640,640,ROI,56,209,160,403
760.jpg,640,640,ROI,242,340,187,325
208.jpg,640,640,ROI,214,322,408,446
208.jpg,640,640,ROI,248,304,197,233
208.jpg,640,640,ROI,186,210,175,201
208.jpg,640,640,ROI,220,250,341,356
208.jpg,640,640,ROI,209,237,296,310
208.jpg,640,640,ROI,410,437,429,451
208.jpg,640,640,ROI,527,564,279,297
700.jpg,640,640,ROI,244,494,132,394
1043.jpg,640,640,ROI,190,453,136,514
158.jpg,640,640,ROI,211,375,81,281
158.jpg,640,640,ROI,228,348,296,476
158.jpg,640,640,ROI,51,189,255,451
158.jpg,640,640,ROI,427,577,268,467
655.jpg,640,640,ROI,151,485,353,578
210.jpg,640,640,ROI,214,322,196,234
210.jpg,640,640,ROI,248,304,410,446
210.jpg,640,640,ROI,186,210,441,467
210.jpg,640,640,ROI,220,250,286,301
210.jpg,640,640,ROI,209,237,332,346
210.jpg,640,640,ROI,410,437,191,213
210.jpg,640,640,ROI,527,564,346,364
1442.jpg,640,640,ROI,210,494,173,373
997.jpg,640,640,ROI,173,459,77,557
1170.jpg,640,640,ROI,142,503,207,402
957.jpg,640,640,ROI,139,516,37,641
274.jpg,640,640,ROI,108,438,199,576
1191.jpg,640,640,ROI,380,481,99,185
203.jpg,640,640,ROI,125,312,253,367
1017.jpg,640,640,ROI,96,539,212,470
1031.jpg,640,640,ROI,69,632,59,599
223.jpg,640,640,ROI,165,418,153,495
1392.jpg,640,640,ROI,140,546,87,596
121.jpg,640,640,ROI,181,477,161,426
092.jpg,640,640,ROI,107,527,149,573
545.jpg,640,640,ROI,170,263,32,107
545.jpg,640,640,ROI,136,204,174,228
545.jpg,640,640,ROI,436,508,411,455
545.jpg,640,640,ROI,211,309,405,495
545.jpg,640,640,ROI,379,505,218,298
1207.jpg,640,640,ROI,22,302,362,490
1207.jpg,640,640,ROI,405,547,143,291
959.jpg,640,640,ROI,117,536,15,641
1045.jpg,640,640,ROI,244,384,256,368
441.jpg,640,640,ROI,2,618,151,614
811.jpg,640,640,ROI,93,511,234,531
247.jpg,640,640,ROI,135,244,481,612
247.jpg,640,640,ROI,291,402,211,355
247.jpg,640,640,ROI,421,517,190,309
247.jpg,640,640,ROI,202,254,85,170
247.jpg,640,640,ROI,286,362,518,588
247.jpg,640,640,ROI,426,470,415,483
247.jpg,640,640,ROI,174,222,317,361
247.jpg,640,640,ROI,88,158,285,371
255.jpg,640,640,ROI,157,469,50,628
222.jpg,640,640,ROI,58,492,257,541
307.jpg,640,640,ROI,141,343,230,452
049.jpg,640,640,ROI,264,300,99,133
049.jpg,640,640,ROI,270,296,141,181
049.jpg,640,640,ROI,321,351,78,108
049.jpg,640,640,ROI,409,435,109,134
049.jpg,640,640,ROI,389,411,206,232
049.jpg,640,640,ROI,259,279,325,359
049.jpg,640,640,ROI,121,149,89,125
049.jpg,640,640,ROI,409,433,564,598
215.jpg,640,640,ROI,79,413,87,561
190.jpg,640,640,ROI,378,466,164,288
867.jpg,640,640,ROI,90,546,3,596
1278.jpg,640,640,ROI,35,633,15,627
344.jpg,640,640,ROI,257,515,39,161
344.jpg,640,640,ROI,242,510,463,604
068.jpg,640,640,ROI,263,363,273,364
520.jpg,640,640,ROI,321,555,230,531
520.jpg,640,640,ROI,127,318,120,401
996.jpg,640,640,ROI,108,523,104,630
1311.jpg,640,640,ROI,121,616,176,525
649.jpg,640,640,ROI,335,543,216,444
1316.jpg,640,640,ROI,99,539,187,435
982.jpg,640,640,ROI,131,470,18,440
1265.jpg,640,640,ROI,207,456,119,475
1411.jpg,640,640,ROI,229,325,339,413
1411.jpg,640,640,ROI,353,483,342,464
1042.jpg,640,640,ROI,136,514,190,453
396.jpg,640,640,ROI,201,441,49,256
396.jpg,640,640,ROI,270,403,336,424
670.jpg,640,640,ROI,275,407,35,239
670.jpg,640,640,ROI,364,443,469,592
670.jpg,640,640,ROI,234,378,336,416
1435.jpg,640,640,ROI,148,480,229,429
230.jpg,640,640,ROI,140,250,188,371
230.jpg,640,640,ROI,226,272,135,173
230.jpg,640,640,ROI,350,392,81,131
230.jpg,640,640,ROI,392,434,171,210
230.jpg,640,640,ROI,458,534,195,331
230.jpg,640,640,ROI,179,205,397,422
1365.jpg,640,640,ROI,214,405,264,413
563.jpg,640,640,ROI,224,506,132,554
008.jpg,640,640,ROI,199,403,173,276
1285.jpg,640,640,ROI,231,365,243,411
1285.jpg,640,640,ROI,587,641,333,492
1285.jpg,640,640,ROI,130,220,2,190
1285.jpg,640,640,ROI,224,385,17,148
584.jpg,640,640,ROI,373,589,351,578
584.jpg,640,640,ROI,308,394,33,286
584.jpg,640,640,ROI,191,269,360,498
157.jpg,640,640,ROI,267,432,362,561
157.jpg,640,640,ROI,294,414,166,346
157.jpg,640,640,ROI,453,591,191,387
157.jpg,640,640,ROI,65,216,176,375
1267.jpg,640,640,ROI,146,439,68,460
1175.jpg,640,640,ROI,330,518,227,435
490.jpg,640,640,ROI,231,340,45,177
1294.jpg,640,640,ROI,63,317,161,529
1294.jpg,640,640,ROI,567,641,242,298
521.jpg,640,640,ROI,87,321,230,531
521.jpg,640,640,ROI,325,516,120,401
1005.jpg,640,640,ROI,259,415,188,422
424.jpg,640,640,ROI,65,477,394,626
1242.jpg,640,640,ROI,333,409,216,307
172.jpg,640,640,ROI,206,566,401,641
850.jpg,640,640,ROI,101,476,448,641
898.jpg,640,640,ROI,33,527,1,639
960.jpg,640,640,ROI,107,525,15,641
1018.jpg,640,640,ROI,24,530,68,553
313.jpg,640,640,ROI,225,617,207,480
931.jpg,640,640,ROI,90,390,112,354
233.jpg,640,640,ROI,109,315,124,314
233.jpg,640,640,ROI,321,370,223,269
233.jpg,640,640,ROI,197,367,396,620
1179.jpg,640,640,ROI,222,437,203,292
570.jpg,640,640,ROI,380,478,363,503
570.jpg,640,640,ROI,206,270,219,393
570.jpg,640,640,ROI,435,473,84,136
570.jpg,640,640,ROI,217,250,501,551
570.jpg,640,640,ROI,237,259,41,78
605.jpg,640,640,ROI,35,580,44,590
1197.jpg,640,640,ROI,194,299,401,581
403.jpg,640,640,ROI,271,397,245,411
509.jpg,640,640,ROI,329,389,154,346
487.jpg,640,640,ROI,150,380,211,302
1102.jpg,640,640,ROI,74,609,194,542
1339.jpg,640,640,ROI,382,498,258,393
1339.jpg,640,640,ROI,493,613,171,319
1206.jpg,640,640,ROI,362,489,22,301
1206.jpg,640,640,ROI,143,290,405,547
910.jpg,640,640,ROI,444,626,174,405
910.jpg,640,640,ROI,105,335,109,520
910.jpg,640,640,ROI,1,68,145,271
879.jpg,640,640,ROI,193,565,180,491
879.jpg,640,640,ROI,10,162,191,461
610.jpg,640,640,ROI,28,602,67,566
193.jpg,640,640,ROI,230,408,220,354
692.jpg,640,640,ROI,175,405,148,337
692.jpg,640,640,ROI,306,524,424,578
677.jpg,640,640,ROI,216,478,15,428
552.jpg,640,640,ROI,251,393,329,420
113.jpg,640,640,ROI,152,528,216,428
195.jpg,640,640,ROI,235,413,220,354
353.jpg,640,640,ROI,111,589,187,481
1334.jpg,640,640,ROI,347,537,289,457
790.jpg,640,640,ROI,97,567,193,531
810.jpg,640,640,ROI,34,152,206,580
810.jpg,640,640,ROI,204,316,197,507
810.jpg,640,640,ROI,343,451,190,517
1416.jpg,640,640,ROI,56,551,252,490
442.jpg,640,640,ROI,343,425,191,304
442.jpg,640,640,ROI,184,265,176,298
755.jpg,640,640,ROI,42,348,271,573
1171.jpg,640,640,ROI,240,435,140,501
477.jpg,640,640,ROI,388,482,178,297
802.jpg,640,640,ROI,185,590,108,214
802.jpg,640,640,ROI,99,315,453,641
1408.jpg,640,640,ROI,83,493,26,308
1408.jpg,640,640,ROI,52,194,376,622
1408.jpg,640,640,ROI,280,483,284,528
1140.jpg,640,640,ROI,172,374,222,484
1140.jpg,640,640,ROI,126,451,96,212
1358.jpg,640,640,ROI,167,641,94,286
1358.jpg,640,640,ROI,47,633,326,513
1244.jpg,640,640,ROI,233,309,216,308
417.jpg,640,640,ROI,162,562,190,289
417.jpg,640,640,ROI,436,602,38,154
1230.jpg,640,640,ROI,172,308,112,461
1230.jpg,640,640,ROI,415,464,215,282
591.jpg,640,640,ROI,225,528,124,307
137.jpg,640,640,ROI,189,439,236,618
1378.jpg,640,640,ROI,361,484,512,608
1378.jpg,640,640,ROI,206,351,485,550
050.jpg,640,640,ROI,263,300,99,132
050.jpg,640,640,ROI,270,296,141,181
050.jpg,640,640,ROI,321,350,78,108
050.jpg,640,640,ROI,409,435,109,134
050.jpg,640,640,ROI,389,411,206,232
050.jpg,640,640,ROI,258,279,325,358
050.jpg,640,640,ROI,120,149,88,125
050.jpg,640,640,ROI,409,433,564,598
1261.jpg,640,640,ROI,238,390,333,480
181.jpg,640,640,ROI,141,429,419,624
181.jpg,640,640,ROI,347,564,1,198
942.jpg,640,640,ROI,35,641,189,446
1272.jpg,640,640,ROI,214,383,74,350
261.jpg,640,640,ROI,62,570,170,475
047.jpg,640,640,ROI,83,551,95,529
067.jpg,640,640,ROI,273,364,279,379
1391.jpg,640,640,ROI,175,358,76,348
1391.jpg,640,640,ROI,483,547,197,276
1391.jpg,640,640,ROI,4,72,438,552
765.jpg,640,640,ROI,103,385,382,533
1199.jpg,640,640,ROI,344,449,61,241
1007.jpg,640,640,ROI,17,581,156,466
992.jpg,640,640,ROI,88,548,67,579
766.jpg,640,640,ROI,172,316,83,273
766.jpg,640,640,ROI,352,460,169,302
766.jpg,640,640,ROI,411,636,323,583
285.jpg,640,640,ROI,216,428,167,467
562.jpg,640,640,ROI,88,510,136,418
267.jpg,640,640,ROI,208,514,109,479
812.jpg,640,640,ROI,234,531,93,511
1383.jpg,640,640,ROI,83,641,117,505
761.jpg,640,640,ROI,239,482,433,586
761.jpg,640,640,ROI,317,456,302,400
366.jpg,640,640,ROI,58,199,424,638
366.jpg,640,640,ROI,392,641,489,624
397.jpg,640,640,ROI,340,456,223,484
565.jpg,640,640,ROI,207,271,72,126
565.jpg,640,640,ROI,249,364,364,444
565.jpg,640,640,ROI,281,429,471,576
565.jpg,640,640,ROI,298,376,602,640
565.jpg,640,640,ROI,216,252,249,276
565.jpg,640,640,ROI,201,232,177,211
565.jpg,640,640,ROI,218,262,278,303
565.jpg,640,640,ROI,326,381,262,309
1253.jpg,640,640,ROI,405,641,366,613
1253.jpg,640,640,ROI,3,180,346,629
1253.jpg,640,640,ROI,224,379,337,558
248.jpg,640,640,ROI,135,244,30,161
248.jpg,640,640,ROI,291,402,287,431
248.jpg,640,640,ROI,421,517,333,452
248.jpg,640,640,ROI,201,254,472,557
248.jpg,640,640,ROI,286,361,55,124
248.jpg,640,640,ROI,426,470,159,227
248.jpg,640,640,ROI,174,222,281,325
248.jpg,640,640,ROI,88,158,272,358
088.jpg,640,640,ROI,7,639,66,630
492.jpg,640,640,ROI,231,340,45,177
1274.jpg,640,640,ROI,259,429,293,569
526.jpg,640,640,ROI,273,335,186,270
604.jpg,640,640,ROI,35,581,52,598
214.jpg,640,640,ROI,79,413,81,555
439.jpg,640,640,ROI,2,618,29,492
1446.jpg,640,640,ROI,64,483,127,495
916.jpg,640,640,ROI,109,521,60,510
651.jpg,640,640,ROI,198,426,335,543
762.jpg,640,640,ROI,239,482,56,209
762.jpg,640,640,ROI,318,456,242,340
1119.jpg,640,640,ROI,113,290,231,539
1089.jpg,640,640,ROI,140,636,1,641
971.jpg,640,640,ROI,160,542,15,607
459.jpg,640,640,ROI,132,266,409,507
459.jpg,640,640,ROI,194,507,218,309
459.jpg,640,640,ROI,170,513,68,210
777.jpg,640,640,ROI,258,458,68,298
777.jpg,640,640,ROI,244,426,362,514
843.jpg,640,640,ROI,259,449,335,463
843.jpg,640,640,ROI,260,461,174,298
368.jpg,640,640,ROI,231,447,269,471
1225.jpg,640,640,ROI,188,274,371,426
1225.jpg,640,640,ROI,390,454,485,535
1225.jpg,640,640,ROI,558,595,150,175
1225.jpg,640,640,ROI,72,112,134,186
445.jpg,640,640,ROI,261,428,238,474
101.jpg,640,640,ROI,106,131,285,327
101.jpg,640,640,ROI,193,228,64,130
101.jpg,640,640,ROI,450,480,248,287
101.jpg,640,640,ROI,521,550,338,408
101.jpg,640,640,ROI,567,599,492,551
101.jpg,640,640,ROI,468,504,160,208
007.jpg,640,640,ROI,239,443,173,276
1337.jpg,640,640,ROI,1,641,1,641
977.jpg,640,640,ROI,202,383,170,486
733.jpg,640,640,ROI,210,457,102,293
204.jpg,640,640,ROI,253,367,331,518
557.jpg,640,640,ROI,235,495,374,512
073.jpg,640,640,ROI,203,411,182,497
1360.jpg,640,640,ROI,313,451,278,501
963.jpg,640,640,ROI,25,623,87,545
1275.jpg,640,640,ROI,16,637,1,540
239.jpg,640,640,ROI,38,581,128,586
1247.jpg,640,640,ROI,139,437,181,482
948.jpg,640,640,ROI,79,265,244,449
948.jpg,640,640,ROI,332,614,142,356
435.jpg,640,640,ROI,166,454,110,526
767.jpg,640,640,ROI,83,273,326,470
767.jpg,640,640,ROI,169,302,183,291
767.jpg,640,640,ROI,323,583,7,232
797.jpg,640,640,ROI,207,441,90,436
797.jpg,640,640,ROI,386,641,264,581
797.jpg,640,640,ROI,68,268,257,505
515.jpg,640,640,ROI,142,528,176,418
675.jpg,640,640,ROI,52,545,101,390
859.jpg,640,640,ROI,9,507,170,522
085.jpg,640,640,ROI,270,365,242,351
887.jpg,640,640,ROI,147,525,117,555
069.jpg,640,640,ROI,263,363,273,364
386.jpg,640,640,ROI,502,630,179,285
386.jpg,640,640,ROI,314,491,247,418
1143.jpg,640,640,ROI,172,501,2,508
498.jpg,640,640,ROI,340,407,231,458
294.jpg,640,640,ROI,53,516,66,518
1345.jpg,640,640,ROI,157,623,117,622
202.jpg,640,640,ROI,253,367,125,312
360.jpg,640,640,ROI,170,540,275,535
1134.jpg,640,640,ROI,154,540,82,270
1417.jpg,640,640,ROI,153,391,56,551
856.jpg,640,640,ROI,100,585,144,604
1032.jpg,640,640,ROI,69,632,43,583
177.jpg,640,640,ROI,65,515,64,620
1026.jpg,640,640,ROI,173,366,196,396
808.jpg,640,640,ROI,490,608,206,580
808.jpg,640,640,ROI,326,438,197,507
808.jpg,640,640,ROI,192,300,190,517
1185.jpg,640,640,ROI,293,339,411,483
1185.jpg,640,640,ROI,454,484,251,296
1185.jpg,640,640,ROI,141,177,201,257
1185.jpg,640,640,ROI,101,124,260,320
1051.jpg,640,640,ROI,65,602,74,554
443.jpg,640,640,ROI,217,299,338,451
443.jpg,640,640,ROI,378,458,344,466
529.jpg,640,640,ROI,140,308,202,383
529.jpg,640,640,ROI,302,449,498,640
529.jpg,640,640,ROI,111,233,1,94
832.jpg,640,640,ROI,354,461,197,417
832.jpg,640,640,ROI,266,346,389,467
1444.jpg,640,640,ROI,165,461,133,472
671.jpg,640,640,ROI,235,367,403,607
671.jpg,640,640,ROI,199,278,50,173
671.jpg,640,640,ROI,264,408,226,307
1110.jpg,640,640,ROI,241,281,396,452
1110.jpg,640,640,ROI,300,332,403,454
1110.jpg,640,640,ROI,181,205,367,414
1110.jpg,640,640,ROI,409,431,394,428
1110.jpg,640,640,ROI,571,594,278,318
273.jpg,640,640,ROI,155,587,133,610
1354.jpg,640,640,ROI,99,238,101,504
1354.jpg,640,640,ROI,224,366,149,599
1354.jpg,640,640,ROI,351,451,92,278
660.jpg,640,640,ROI,68,155,264,368
660.jpg,640,640,ROI,554,637,254,321
660.jpg,640,640,ROI,210,522,196,308
438.jpg,640,640,ROI,347,406,383,439
438.jpg,640,640,ROI,162,218,321,368
438.jpg,640,640,ROI,214,310,179,218
803.jpg,640,640,ROI,53,457,428,534
803.jpg,640,640,ROI,327,543,1,189
286.jpg,640,640,ROI,126,561,164,494
219.jpg,640,640,ROI,72,238,191,453
127.jpg,640,640,ROI,255,488,316,506
707.jpg,640,640,ROI,25,125,278,410
707.jpg,640,640,ROI,515,599,270,472
1396.jpg,640,640,ROI,236,442,241,429
437.jpg,640,640,ROI,203,259,347,407
437.jpg,640,640,ROI,274,321,162,218
437.jpg,640,640,ROI,424,463,214,310
1099.jpg,640,640,ROI,51,167,136,325
1099.jpg,640,640,ROI,292,607,174,482
1115.jpg,640,640,ROI,35,455,131,487
062.jpg,640,640,ROI,95,465,174,439
869.jpg,640,640,ROI,275,514,320,454
1091.jpg,640,640,ROI,176,559,189,477
1306.jpg,640,640,ROI,131,464,80,492
868.jpg,640,640,ROI,275,514,189,322
841.jpg,640,640,ROI,194,384,179,307
841.jpg,640,640,ROI,181,382,344,468
371.jpg,640,640,ROI,209,632,401,583
200.jpg,640,640,ROI,279,393,241,390
559.jpg,640,640,ROI,117,518,350,496
426.jpg,640,640,ROI,65,477,17,249
626.jpg,640,640,ROI,31,158,461,586
626.jpg,640,640,ROI,438,501,357,446
909.jpg,640,640,ROI,293,433,58,378
909.jpg,640,640,ROI,3,89,467,641
891.jpg,640,640,ROI,64,193,251,537
891.jpg,640,640,ROI,385,588,137,381
814.jpg,640,640,ROI,41,422,193,511
516.jpg,640,640,ROI,142,528,176,418
249.jpg,640,640,ROI,135,244,481,612
249.jpg,640,640,ROI,291,402,211,355
249.jpg,640,640,ROI,421,517,190,309
249.jpg,640,640,ROI,202,254,85,170
249.jpg,640,640,ROI,286,362,518,588
249.jpg,640,640,ROI,426,470,415,483
249.jpg,640,640,ROI,174,222,317,361
249.jpg,640,640,ROI,88,158,285,371
656.jpg,640,640,ROI,151,485,64,290
978.jpg,640,640,ROI,170,486,202,383
411.jpg,640,640,ROI,175,303,214,418
1152.jpg,640,640,ROI,251,327,388,524
1152.jpg,640,640,ROI,169,206,380,431
1152.jpg,640,640,ROI,318,370,192,254
1081.jpg,640,640,ROI,134,462,231,485
1120.jpg,640,640,ROI,103,411,113,290
131.jpg,640,640,ROI,46,596,13,623
1264.jpg,640,640,ROI,207,456,119,475
864.jpg,640,640,ROI,276,435,315,414
229.jpg,640,640,ROI,188,371,392,502
229.jpg,640,640,ROI,135,173,370,416
229.jpg,640,640,ROI,81,131,251,293
229.jpg,640,640,ROI,171,210,208,250
229.jpg,640,640,ROI,195,331,108,184
229.jpg,640,640,ROI,397,422,437,463
972.jpg,640,640,ROI,101,483,35,627
355.jpg,640,640,ROI,95,150,471,545
355.jpg,640,640,ROI,220,532,541,641
821.jpg,640,640,ROI,54,614,409,640
235.jpg,640,640,ROI,14,294,229,543
235.jpg,640,640,ROI,326,635,97,416
093.jpg,640,640,ROI,107,526,69,494
1402.jpg,640,640,ROI,173,327,54,322
1402.jpg,640,640,ROI,470,557,163,257
051.jpg,640,640,ROI,99,133,343,379
051.jpg,640,640,ROI,141,181,346,372
051.jpg,640,640,ROI,78,108,292,322
051.jpg,640,640,ROI,109,134,207,233
051.jpg,640,640,ROI,206,232,231,253
051.jpg,640,640,ROI,325,359,364,384
051.jpg,640,640,ROI,89,125,493,522
051.jpg,640,640,ROI,564,598,209,233
775.jpg,640,640,ROI,258,458,68,298
775.jpg,640,640,ROI,244,426,362,513
736.jpg,640,640,ROI,222,466,105,263
736.jpg,640,640,ROI,383,465,400,498
596.jpg,640,640,ROI,208,465,390,570
496.jpg,640,640,ROI,184,411,235,302
853.jpg,640,640,ROI,19,631,171,409
1136.jpg,640,640,ROI,373,561,102,488
975.jpg,640,640,ROI,113,542,54,607
256.jpg,640,640,ROI,213,541,25,313
827.jpg,640,640,ROI,138,557,431,641
084.jpg,640,640,ROI,278,493,237,419
084.jpg,640,640,ROI,351,378,153,198
084.jpg,640,640,ROI,486,516,55,102
571.jpg,640,640,ROI,193,339,441,527
571.jpg,640,640,ROI,287,401,222,300
571.jpg,640,640,ROI,308,422,125,207
708.jpg,640,640,ROI,278,410,517,617
708.jpg,640,640,ROI,270,472,43,127
497.jpg,640,640,ROI,340,407,231,458
1403.jpg,640,640,ROI,173,327,320,588
1403.jpg,640,640,ROI,470,557,385,479
666.jpg,640,640,ROI,185,641,61,555
1009.jpg,640,640,ROI,223,340,250,454
768.jpg,640,640,ROI,326,470,83,273
768.jpg,640,640,ROI,182,291,169,302
768.jpg,640,640,ROI,7,232,323,583
1314.jpg,640,640,ROI,187,434,99,539
693.jpg,640,640,ROI,148,337,238,468
693.jpg,640,640,ROI,423,578,118,336
1082.jpg,640,640,ROI,158,412,180,508
1332.jpg,640,640,ROI,186,354,347,537
796.jpg,640,640,ROI,207,552,207,441
796.jpg,640,640,ROI,62,379,386,641
796.jpg,640,640,ROI,137,385,67,268
289.jpg,640,640,ROI,15,641,91,551
752.jpg,640,640,ROI,186,453,56,206
1100.jpg,640,640,ROI,318,507,51,167
1100.jpg,640,640,ROI,160,468,292,607
820.jpg,640,640,ROI,54,614,3,233
1154.jpg,640,640,ROI,316,392,388,524
1154.jpg,640,640,ROI,437,474,380,431
1154.jpg,640,640,ROI,273,325,192,254
421.jpg,640,640,ROI,116,313,161,396
421.jpg,640,640,ROI,196,327,370,512
1174.jpg,640,640,ROI,207,415,124,312
1202.jpg,640,640,ROI,367,417,457,487
986.jpg,640,640,ROI,20,624,27,573
1050.jpg,640,640,ROI,216,520,90,360
335.jpg,640,640,ROI,81,452,147,603
335.jpg,640,640,ROI,469,641,75,518
390.jpg,640,640,ROI,116,210,485,635
527.jpg,640,640,ROI,186,270,273,335
1256.jpg,640,640,ROI,172,577,103,543
100.jpg,640,640,ROI,106,131,285,327
100.jpg,640,640,ROI,193,228,64,130
100.jpg,640,640,ROI,450,480,248,287
100.jpg,640,640,ROI,521,550,338,408
100.jpg,640,640,ROI,567,599,492,551
100.jpg,640,640,ROI,468,504,160,208
1448.jpg,640,640,ROI,127,495,160,579
787.jpg,640,640,ROI,138,437,79,459
551.jpg,640,640,ROI,250,392,329,420
619.jpg,640,640,ROI,41,562,2,431
1104.jpg,640,640,ROI,11,545,13,165
1104.jpg,640,640,ROI,99,560,175,475
010.jpg,640,640,ROI,171,449,174,303
1302.jpg,640,640,ROI,76,132,142,244
1302.jpg,640,640,ROI,140,196,126,219
1302.jpg,640,640,ROI,214,272,178,265
1302.jpg,640,640,ROI,336,400,68,166
1302.jpg,640,640,ROI,187,275,466,551
1302.jpg,640,640,ROI,228,358,319,437
1302.jpg,640,640,ROI,341,454,413,501
1302.jpg,640,640,ROI,406,476,68,156
1302.jpg,640,640,ROI,508,569,116,210
1410.jpg,640,640,ROI,339,413,229,325
1410.jpg,640,640,ROI,342,464,353,483
1308.jpg,640,640,ROI,216,379,187,409
1142.jpg,640,640,ROI,222,484,269,471
1142.jpg,640,640,ROI,96,212,192,517
926.jpg,640,640,ROI,287,495,274,543
061.jpg,640,640,ROI,174,439,94,465
770.jpg,640,640,ROI,44,641,120,638
1147.jpg,640,640,ROI,1,599,17,624
894.jpg,640,640,ROI,222,404,199,450
1047.jpg,640,640,ROI,274,387,244,384
314.jpg,640,640,ROI,163,436,225,617
430.jpg,640,640,ROI,162,347,399,487
1186.jpg,640,640,ROI,411,483,303,349
1186.jpg,640,640,ROI,251,296,158,188
1186.jpg,640,640,ROI,201,257,465,501
1186.jpg,640,640,ROI,260,320,518,542
1111.jpg,640,640,ROI,361,401,396,452
1111.jpg,640,640,ROI,311,343,403,454
1111.jpg,640,640,ROI,438,462,368,414
1111.jpg,640,640,ROI,211,233,394,428
1111.jpg,640,640,ROI,48,72,278,318
380.jpg,640,640,ROI,162,280,72,186
535.jpg,640,640,ROI,112,530,71,574
381.jpg,640,640,ROI,72,186,362,481
1011.jpg,640,640,ROI,188,392,302,419
057.jpg,640,640,ROI,94,129,177,260
057.jpg,640,640,ROI,240,271,128,173
057.jpg,640,640,ROI,224,281,317,380
057.jpg,640,640,ROI,383,493,229,411
057.jpg,640,640,ROI,329,422,343,575
1101.jpg,640,640,ROI,475,591,136,325
1101.jpg,640,640,ROI,35,350,174,482
1029.jpg,640,640,ROI,219,413,41,498
1172.jpg,640,640,ROI,142,503,207,402
375.jpg,640,640,ROI,127,466,292,466
727.jpg,640,640,ROI,336,435,173,433
829.jpg,640,640,ROI,187,399,433,641
1176.jpg,640,640,ROI,111,535,233,421
873.jpg,640,640,ROI,148,612,124,566
668.jpg,640,640,ROI,80,622,127,639
533.jpg,640,640,ROI,324,571,125,514
1088.jpg,640,640,ROI,1,641,140,636
928.jpg,640,640,ROI,295,421,126,367
145.jpg,640,640,ROI,362,508,392,502
145.jpg,640,640,ROI,400,520,129,199
145.jpg,640,640,ROI,452,570,256,349
145.jpg,640,640,ROI,232,336,75,145
352.jpg,640,640,ROI,161,455,111,589
1073.jpg,640,640,ROI,193,541,187,306
582.jpg,640,640,ROI,246,432,36,353
816.jpg,640,640,ROI,193,511,220,601
369.jpg,640,640,ROI,269,471,231,447
